0,-3.2
1,0.9
2,-0.9
3,7.2
4,-2.3
5,-1.2
6,1.6
7,0.6
8,-1.7
9,-12.2
10,-2.8
11,-5.8
12,-1
13,1.8
14,0.3
15,2.2
16,5.7
17,11.3
18,-4.6
19,0.9
20,-1.9
21,-12.9
22,5.7
23,4.1
24,-4.5
25,4.7
26,4.8
27,2.6
28,-9.5
29,1.2
30,1.3
31,-6.3
32,2.4
33,5.5
34,-0.5
35,-0.2
36,-4.5
37,1.3
38,4.8
39,1.4
40,1.8
41,4
42,5.2
43,3.5
44,-1
45,5.6
46,-8.6
47,2.2
48,-0.2
49,3.7
50,5.7
51,3.7
52,8.6
53,1.2
54,4.9
55,7.5
56,7.1
57,-8.1
58,45.8
59,-6.5
60,2.9
61,1.1
62,-7
63,-1.3
64,-12.8
65,5.7
66,3.1
67,5.4
68,-4.6
69,3.5
70,2.5
71,-3.4
72,-11.2
73,0
74,-1.6
75,4.8
76,-5.6
77,5.7
78,107.1
79,-2.3
80,-7
81,-3.3
82,-4
83,5.2
84,2.6
85,-0.8
86,6.1
87,9
88,3.8
89,-2.4
90,7
91,4
92,-7.7
93,0.4
94,-4.8
95,25.2
96,-1.2
97,-4
98,5.4
99,3.3
100,-1.3
101,19.4
102,-3.7
103,-12.2
104,-3.9
105,4.3
106,2.8
107,10.6
108,2.6
109,4.1
110,-3.4
111,0.1
112,-2.3
113,0
114,-2.8
115,3.3
116,1.7
117,0.1
118,6.7
119,-0.9
120,3.8
121,4.6
122,3.4
123,-14.7
124,2.5
125,5.2
126,7.9
127,8.2
128,2.7
129,7.8
130,2.7
131,0.9
132,-2.4
133,-1.5
134,2.6
135,0.9
136,24.1
137,13
138,7.1
139,-3.3
140,7.9
141,4.2
142,-5
143,-8
144,6.8
145,-0.8
146,-6.5
147,3
148,6.1
149,9.3
150,3.3
151,-9.3
152,3.7
153,6.2
154,-11.4
155,-6.1
156,-1.3
157,-9.3
158,4
159,-0.3
160,5.1
161,1.1
162,5.1
163,8.6
164,6
165,4.2
166,1.8
167,-3.2
168,-5.4
169,-12.7
170,7.2
171,0.3
172,2
173,-0.6
174,8.1
175,5.8
176,-3.5
177,-6.6
178,-5.1
179,7.5
180,4.8
181,0.1
182,2.6
183,4.3
184,-3.5
185,6.3
186,-6.9
187,4.1
188,-14.2
189,-0.5
190,-1.8
191,-3.9
192,4.5
193,-0.8
194,6.2
195,-5.1
196,9.9
197,7
198,4
199,3.3
200,-8.4
201,-5.5
202,4.9
203,-10.7
204,7.6
205,7.5
206,0.9
207,5.4
208,7.4
209,-2.7
210,0.3
211,-6.8
212,8.3
213,5.8
214,-4.3
215,5
216,3.1
217,10
218,5
219,1.5
220,7.3
221,-2.2
222,-1.7
223,0.3
224,6
225,2.1
226,5.8
227,0.9
228,1.3
229,6.5
230,-4.3
231,2.9
232,4.5
233,-4
234,-8.5
235,1.4
236,4.5
237,4.5
238,3.5
239,4.8
240,-1.5
241,7.7
242,4.7
243,4.9
244,-12.8
245,8.3
246,-0.5
247,2.1
248,-3.1
249,3.5
250,-7.8
251,3.5
252,1.7
253,5.7
254,3.8
255,6
256,4.6
257,-4.8
258,-0.7
259,-4.9
260,0.2
261,0.3
262,2.2
263,1.2
264,5.8
265,4.4
266,4.5
267,6.4
268,3.4
269,8.1
270,-8.3
271,-0.7
272,-3.3
273,6.1
274,5.9
275,4.3
276,-4.9
277,1.2
278,-0.1
279,-4.9
280,0.3
281,-2
282,6.3
283,-1.5
284,-2.9
285,0.5
286,-6.2
287,-5.7
288,1.3
289,-2.1
290,2.5
291,-1
292,-0.3
293,2.7
294,-8.9
295,1.3
296,5.8
297,13.2
298,0.7
299,5.3
300,5.1
301,-4.7
302,0.7
303,1.8
304,4
305,2.6
306,0.5
307,6.2
308,-1.5
309,15.1
310,-6.1
311,-1.7
312,8.5
313,8.4
314,-10.3
315,2.9
316,4.9
317,-2.8
318,-0.5
319,5
320,-3.4
321,7.4
322,4.6
323,-1.4
324,-2.2
325,5.9
326,3.9
327,3.7
328,4.2
329,1.3
330,-2.2
331,2.3
332,-3.1
333,3.3
334,5.2
335,6
336,1.9
337,5.8
338,0.7
339,-2
340,4.5
341,-10.3
342,6.2
343,7.7
344,3.2
345,3.2
346,-6.7
347,12.9
348,2.5
349,-0.7
350,5.6
351,-0.4
352,-7.1
353,5.2
354,6.3
355,8.4
356,1
357,2
358,2.5
359,5.2
360,5.4
361,8.5
362,7.5
363,0.6
364,0.3
365,5.5
366,2.1
367,2.3
368,2.7
369,6.7
370,1.2
371,-0.6
372,6.9
373,-6.9
374,2.5
375,3.9
376,-2
377,6.1
378,-0.3
379,6.5
380,5.3
381,4.8
382,10.8
383,7.4
384,3
385,-3.2
386,-4.1
387,3
388,5.9
389,5.2
390,3.1
391,0
392,5.4
393,7.8
394,-4.5
395,3.5
396,4.2
397,-1.8
398,2.8
399,5.2
400,4.9
401,7.2
402,-7.8
403,5.1
404,5.3
405,5.8
406,1
407,-3.7
408,4.4
409,4.4
410,6.1
411,11.4
412,-11.1
413,-6.8
414,5.4
415,-6
416,-1.1
417,2
418,-0.4
419,0.8
420,-3.5
421,7.6
422,4
423,6.9
424,6.1
425,3.3
426,6.5
427,-2
428,1.6
429,4.7
430,24.2
431,-5.2
432,5.2
433,-2.9
434,6.2
435,-1.7
436,5.1
437,1
438,6.3
439,-8.4
440,10.7
441,0.9
442,3.7
443,-0.4
444,-3.4
445,-3.7
446,1.5
447,4.9
448,1
449,4.6
450,-1.3
451,0.4
452,0
453,66.7
454,2.8
455,5.7
456,1.5
457,2.5
458,1.7
459,5.6
460,1.2
461,8.1
462,-2.9
463,-1.3
464,1.9
465,3.1
466,4.2
467,-11.3
468,5.5
469,4
470,9.4
471,-2
472,-7.3
473,-0.5
474,-10.6
475,0.9
476,5.4
477,2.5
478,-4.9
479,5
480,-10.5
481,5.7
482,-3.6
483,25.6
484,5.1
485,5.2
486,0.6
487,4.4
488,0
489,0.7
490,6.7
491,7.9
492,-14.7
493,-6.5
494,5.5
495,-5.2
496,6.2
497,-0.8
498,3.1
499,1
500,3.4
501,-2.9
502,1
503,-0.1
504,4
505,3.7
506,-0.4
507,36.3
508,6
509,5.1
510,2
511,4.7
512,-4.8
513,1.4
514,0.6
515,6.6
516,8.1
517,2.3
518,16.1
519,-1.2
520,-0.4
521,25.6
522,-0.3
523,3.8
524,5.6
525,4.1
526,3.1
527,-0.3
528,-1.2
529,-2.9
530,6.9
531,0.3
532,-6.6
533,8.1
534,-2.3
535,3.4
536,7.9
537,-6.5
538,-1.8
539,-1.1
540,5.5
541,6.2
542,7.8
543,-2.3
544,-3
545,8.8
546,-4.5
547,4.5
548,-6.3
549,3.4
550,-5.5
551,0.2
552,3.1
553,7.9
554,-6.6
555,-10.9
556,4.8
557,23.1
558,11.9
559,-9.4
560,5.9
561,5.7
562,5.6
563,10.4
564,13.2
565,8.2
566,5.4
567,2.1
568,-0.6
569,4.5
570,5.1
571,4.2
572,9.4
573,1.7
574,6.1
575,-3.5
576,3.9
577,0.6
578,32.3
579,0.4
580,1.8
581,-1.6
582,-3.5
583,4.2
584,4.9
585,-0.6
586,-1.5
587,7.1
588,5
589,0.6
590,-2.6
591,-0.9
592,1.3
593,2.8
594,6.9
595,3.5
596,0.9
597,3.7
598,8.6
599,4.2
600,5.5
601,7.2
602,2.8
603,-1.3
604,-0.4
605,0.8
606,2.5
607,1.8
608,-0.2
609,3
610,3.4
611,3.7
612,5.5
613,1.3
614,5.7
615,-0.2
616,4.1
617,-1.6
618,2.5
619,5.3
620,-0.1
621,6.8
622,5.6
623,1.2
624,7.3
625,-0.4
626,6.4
627,3.6
628,17.4
629,6.1
630,6.1
631,6.3
632,-11.1
633,4.3
634,2.3
635,9.1
636,-8
637,18.4
638,2.3
639,-6.7
640,0.7
641,2
642,4.6
643,-2.4
644,-0.1
645,1.7
646,2.2
647,0.2
648,1.3
649,-4.3
650,4.5
651,0.2
652,2.5
653,5.6
654,-0.8
655,-6.5
656,-7.2
657,-1.7
658,8.1
659,-1.4
660,-4.4
661,3.8
662,5.6
663,-5.7
664,-8.7
665,2.6
666,-10.9
667,-7.4
668,3.4
669,-1.7
670,10.2
671,-0.2
672,-1
673,-2.6
674,4.3
675,0.3
676,5.3
677,2.1
678,5.2
679,2.7
680,5.6
681,0.6
682,-4.8
683,-3.1
684,7.4
685,2
686,-2.7
687,3.7
688,0.3
689,3.4
690,1.3
691,-1
692,3.1
693,11.2
694,5.1
695,-2
696,4
697,16.3
698,-0.6
699,2.2
700,6.7
701,9.5
702,6.3
703,7.9
704,1.9
705,13.3
706,3.9
707,0.6
708,7.4
709,5.5
710,3.9
711,4
712,-0.1
713,2.7
714,2.9
715,-1.3
716,0.6
717,3.6
718,2.9
719,11
720,-0.3
721,-4
722,7.2
723,3.1
724,3.5
725,6.2
726,4.8
727,-7.9
728,1.6
729,6.7
730,21.5
731,-1.2
732,-3.3
733,2
734,2.9
735,-2.5
736,-3.1
737,104
738,9.3
739,-9.9
740,-0.3
741,-3.8
742,1.8
743,-3.9
744,4.7
745,2.2
746,-3.8
747,5
748,3.7
749,7.3
750,-1.4
751,-0.3
752,-3.1
753,3.4
754,-13.9
755,2.7
756,5.2
757,1.4
758,0.6
759,15.2
760,1.3
761,2.8
762,-0.1
763,6.8
764,0.7
765,0.8
766,4.4
767,5.7
768,6.2
769,4.3
770,-4.4
771,1.6
772,0.7
773,5.5
774,-2.9
775,8
776,9.3
777,-2
778,-2.2
779,4.8
780,-4.7
781,-4
782,-32
783,3
784,5.7
785,6
786,6.5
787,9.5
788,-7.2
789,-7.4
790,-3.2
791,3.8
792,3.3
793,6
794,2.4
795,3.6
796,-1.1
797,-3.6
798,1.5
799,2.5
800,3.9
801,38.8
802,9.5
803,1.4
804,-1.8
805,-0.6
806,7.2
807,1.2
808,-1
809,6.1
810,4.2
811,0.9
812,3.9
813,5.8
814,5.6
815,5
816,2.7
817,5.5
818,-13.2
819,0.7
820,-0.1
821,4.9
822,3.3
823,4.9
824,4.6
825,0.3
826,4.2
827,1.7
828,4.5
829,4.3
830,2.7
831,4.7
832,-8.4
833,-5.4
834,10.9
835,-2.4
836,7.1
837,-0.6
838,0.5
839,5.6
840,-0.9
841,-6
842,5.2
843,-2.8
844,7
845,-1.5
846,6.1
847,2.6
848,-11.1
849,0.3
850,6
851,19.3
852,2.4
853,-0.7
854,6.5
855,8.5
856,0.9
857,-4.5
858,6.9
859,-6.5
860,3.4
861,4.3
862,5.2
863,10.5
864,-0.6
865,4.8
866,-0.3
867,1.9
868,-1.1
869,-0.7
870,-1.9
871,3.1
872,4.2
873,-3.2
874,-7.9
875,7.3
876,-1.8
877,2.4
878,-0.6
879,3.9
880,-10.8
881,7.5
882,2.3
883,9.5
884,1.3
885,2.2
886,4.7
887,18.5
888,5.1
889,-1.8
890,0.7
891,-3.2
892,3.4
893,5.3
894,0.1
895,5.9
896,-0.2
897,4
898,29.9
899,-2.2
900,-0.2
901,4.1
902,8
903,7.9
904,-3
905,4.5
906,0.5
907,6
908,2.4
909,-4.2
910,-12
911,5.5
912,-10
913,3.3
914,1.2
915,3.8
916,3.6
917,5.3
918,4.5
919,5.9
920,6.6
921,5.8
922,6.9
923,7
924,7.3
925,2.2
926,4.9
927,5.6
928,5
929,0.3
930,2.4
931,1.1
932,-2.5
933,8.4
934,0.7
935,-1.6
936,3.2
937,7.1
938,-4.7
939,1
940,2.6
941,0.1
942,1.6
943,-4.7
944,7.2
945,-1.9
946,5
947,-7.7
948,3.4
949,8.5
950,3.1
951,2.7
952,2
953,-0.1
954,8.7
955,7
956,4.8
957,8
958,-0.9
959,-11.8
960,7
961,1.4
962,3.3
963,5.3
964,3.8
965,5.9
966,5.1
967,6.5
968,3
969,4.9
970,-2.9
971,-8.2
972,4.5
973,-1.1
974,4.8
975,-1.1
976,-1.6
977,8.9
978,8.9
979,6.2
980,-4.4
981,3.8
982,2
983,4.5
984,1.7
985,2
986,6
987,-8
988,2.2
989,3
990,1.8
991,3.4
992,0.8
993,-3.2
994,8.5
995,-6.2
996,5
997,2.7
998,8.2
999,1
1000,2.5
1001,3.2
1002,6.1
1003,-0.9
1004,5.6
1005,5
1006,4
1007,-17.3
1008,6.9
1009,1.7
1010,-5
1011,-0.2
1012,-10
1013,0.3
1014,2.8
1015,0.6
1016,-9.2
1017,6.2
1018,2.5
1019,-5.7
1020,-2.7
1021,2
1022,-3.9
1023,6.7
1024,4.8
1025,-2.2
1026,-1.4
1027,7
1028,5.6
1029,3.1
1030,4.3
1031,-2.5
1032,4.1
1033,0.8
1034,-1.8
1035,5
1036,-1.6
1037,-3.3
1038,7.5
1039,0.2
1040,8.6
1041,-0.1
1042,5.2
1043,2.5
1044,-4.3
1045,6
1046,2.8
1047,2.8
1048,-0.2
1049,3.5
1050,-0.7
1051,0.1
1052,4.6
1053,6.5
1054,-3.3
1055,3.9
1056,5.2
1057,8.3
1058,1.1
1059,3.9
1060,6.4
1061,-0.9
1062,0.7
1063,-0.9
1064,-18
1065,-3.9
1066,-2.4
1067,6.4
1068,6.3
1069,4.7
1070,1
1071,4.3
1072,-8.8
1073,4.5
1074,0.6
1075,0
1076,2.9
1077,6.5
1078,2
1079,4.1
1080,3.6
1081,5.7
1082,-2
1083,4.8
1084,10
1085,1.8
1086,1.1
1087,2.8
1088,1.6
1089,6.1
1090,5.2
1091,2
1092,5.8
1093,0.8
1094,3.8
1095,-8.2
1096,-5.4
1097,8.3
1098,10.2
1099,2.5
1100,0
1101,-0.1
1102,-2.9
1103,5
1104,5.3
1105,2.4
1106,4.8
1107,1.9
1108,0.4
1109,1.6
1110,1.2
1111,5.5
1112,3.2
1113,-0.7
1114,6.7
1115,-3.9
1116,2.5
1117,-4
1118,7.8
1119,1.5
1120,-1.8
1121,-10.8
1122,4.3
1123,-4.3
1124,0.9
1125,-1.5
1126,-2.3
1127,4.2
1128,4.2
1129,-0.6
1130,15.4
1131,3.8
1132,-2
1133,0
1134,5.4
1135,-2
1136,0.1
1137,-0.6
1138,4
1139,6.6
1140,3.8
1141,7
1142,3.9
1143,-0.7
1144,11.2
1145,9.9
1146,2.8
1147,9.4
1148,7.3
1149,5.8
1150,-9.5
1151,-6.5
1152,-4
1153,1.9
1154,-1.6
1155,-3.2
1156,6.8
1157,-4.5
1158,2
1159,6.4
1160,5.2
1161,-0.6
1162,2
1163,1.2
1164,1.7
1165,9
1166,1.5
1167,3.1
1168,2.4
1169,1.7
1170,3
1171,3.1
1172,3.9
1173,4.3
1174,5.5
1175,2.5
1176,11.3
1177,7.3
1178,2.4
1179,3
1180,2.2
1181,1.9
1182,4.3
1183,2.5
1184,-4.8
1185,-12.1
1186,1.9
1187,-4.1
1188,0.5
1189,-0.1
1190,-1.2
1191,3.7
1192,3.7
1193,-2.2
1194,0.2
1195,8.7
1196,8.4
1197,4.1
1198,4.9
1199,-4.6
1200,1.8
1201,2.5
1202,1.3
1203,3.5
1204,-5.4
1205,7.2
1206,2.6
1207,3.8
1208,0
1209,4.2
1210,3.7
1211,2.7
1212,6.8
1213,4.8
1214,-8
1215,0.6
1216,-1.9
1217,-2.1
1218,6.7
1219,5.3
1220,3.5
1221,-4
1222,1.1
1223,7.2
1224,1.4
1225,5.9
1226,-4.8
1227,6
1228,-6.2
1229,5.7
1230,12.6
1231,2.9
1232,-1.9
1233,0.3
1234,-5.2
1235,6.5
1236,3
1237,2.7
1238,1.9
1239,5.3
1240,1
1241,7.7
1242,-7.3
1243,5.7
1244,-0.5
1245,-15
1246,-2.4
1247,5.9
1248,8.3
1249,-1.5
1250,3.1
1251,1.3
1252,0.5
1253,3.3
1254,19.2
1255,14.5
1256,1.1
1257,3.2
1258,6.9
1259,-4.2
1260,-2.6
1261,5
1262,-1.4
1263,0.1
1264,-7.2
1265,4.1
1266,-1.2
1267,4.6
1268,5.3
1269,0.2
1270,3.6
1271,-1.9
1272,3.1
1273,-2.3
1274,2.1
1275,4.1
1276,20.3
1277,-1.7
1278,7.1
1279,-4.1
1280,1
1281,4.3
1282,7.1
1283,3.7
1284,4.1
1285,3.7
1286,-2.7
1287,-3.2
1288,10.9
1289,4.7
1290,-4
1291,8.5
1292,4
1293,-2.5
1294,3.8
1295,3.9
1296,5.8
1297,-5.9
1298,4
1299,-2.9
1300,4.2
1301,0
1302,3.6
1303,0.3
1304,1
1305,-1.1
1306,7.9
1307,6
1308,3.3
1309,-0.1
1310,-3.7
1311,2.9
1312,6.7
1313,2.1
1314,-8.4
1315,1.3
1316,4.5
1317,2.2
1318,5
1319,3
1320,4.7
1321,-2.9
1322,4.1
1323,2.4
1324,13.5
1325,-3.5
1326,-0.9
1327,2.8
1328,-5.3
1329,3.7
1330,-0.1
1331,-1.2
1332,2.5
1333,1.7
1334,-1.3
1335,-0.6
1336,-1.1
1337,0.1
1338,-3.2
1339,2.9
1340,2.2
1341,4
1342,1
1343,7.5
1344,0.1
1345,-1.1
1346,7.5
1347,-3
1348,8.4
1349,-0.2
1350,2.7
1351,0.6
1352,6.7
1353,4.1
1354,-2.7
1355,3.8
1356,4.1
1357,6.8
1358,5.5
1359,6.7
1360,5.8
1361,-3.5
1362,-6.9
1363,2.7
1364,0.2
1365,7.1
1366,8.3
1367,3.9
1368,-5
1369,2.4
1370,7.5
1371,-0.9
1372,5.3
1373,5.3
1374,4.8
1375,-3.4
1376,-2.4
1377,1.4
1378,6.1
1379,-0.4
1380,2.1
1381,6.3
1382,11.9
1383,4.1
1384,8.4
1385,2.5
1386,6.5
1387,-4.5
1388,4.4
1389,6.3
1390,7.5
1391,3
1392,2.9
1393,4.1
1394,4.9
1395,6.6
1396,-3.9
1397,1.5
1398,1.7
1399,11.2
1400,6.2
1401,-0.7
1402,2.7
1403,3.6
1404,-1.6
1405,-0.7
1406,4.4
1407,5.3
1408,4.3
1409,5.3
1410,4.3
1411,7
1412,2.4
1413,5.6
1414,5.8
1415,1.9
1416,-2.1
1417,-10.7
1418,-2.7
1419,-1.4
1420,0.2
1421,-2
1422,7.4
1423,-0.6
1424,0.5
1425,5
1426,5.6
1427,-6.4
1428,1.7
1429,4.1
1430,4.6
1431,22.4
1432,-0.9
1433,2.8
1434,-1.4
1435,2.3
1436,-8.2
1437,3.8
1438,-3.7
1439,-1.1
1440,4.7
1441,-0.5
1442,3.4
1443,6.2
1444,1.6
1445,-3.2
1446,-1.3
1447,6.1
1448,0.5
1449,3.1
1450,-4.5
1451,3.5
1452,9.9
1453,1.2
1454,3.7
1455,2.9
1456,-4.3
1457,6.4
1458,-4.9
1459,-1
1460,1.8
1461,5.3
1462,9.2
1463,5.6
1464,4.7
1465,-1.9
1466,1.6
1467,3.5
1468,-7
1469,5
1470,-0.4
1471,2.6
1472,-17.3
1473,-1.4
1474,-3.2
1475,8.4
1476,6.4
1477,2.6
1478,-2.3
1479,0.1
1480,8.8
1481,-2.3
1482,3.2
1483,7
1484,-10.1
1485,3.7
1486,-1.4
1487,5.3
1488,3.5
1489,-1.4
1490,-9.2
1491,-0.2
1492,7
1493,6.7
1494,3
1495,1
1496,-2.6
1497,3.5
1498,0.8
1499,-3.9
1500,5.7
1501,6.1
1502,1.3
1503,3.4
1504,0.8
1505,6
1506,2
1507,6.2
1508,-0.3
1509,3.2
1510,4.8
1511,-0.4
1512,5
1513,8.1
1514,4.5
1515,-0.8
1516,-0.5
1517,-13.8
1518,-7.3
1519,2.4
1520,4.3
1521,0.8
1522,-1.8
1523,1
1524,-6.1
1525,1.7
1526,19.2
1527,7.4
1528,2.2
1529,-3.2
1530,3.1
1531,5.4
1532,0.5
1533,5
1534,9
1535,-5.4
1536,5.7
1537,2.5
1538,7.4
1539,1.6
1540,0
1541,7.3
1542,7.7
1543,1.5
1544,2
1545,13.3
1546,-13.6
1547,5.6
1548,-0.9
1549,0.9
1550,6
1551,5.2
1552,9.3
1553,2
1554,-4.2
1555,6.6
1556,-0.6
1557,4
1558,5.7
1559,3.6
1560,7.7
1561,7.8
1562,-4.6
1563,-1.8
1564,2.6
1565,3.7
1566,-5.7
1567,5.3
1568,3.8
1569,-1.6
1570,7.9
1571,4.5
1572,-2.5
1573,0.3
1574,3.4
1575,-2.2
1576,4.9
1577,4.6
1578,0.1
1579,5.4
1580,1.1
1581,3.7
1582,-0.6
1583,1
1584,1.1
1585,7
1586,9.3
1587,-1.2
1588,1.4
1589,80.2
1590,-3.1
1591,5.2
1592,3.6
1593,-1.5
1594,6.5
1595,0.1
1596,6.2
1597,6.2
1598,3.2
1599,-1.9
1600,4.8
1601,-2.8
1602,6.4
1603,-8.5
1604,-6.7
1605,4.2
1606,4.8
1607,3.4
1608,6
1609,-12
1610,-2.4
1611,0
1612,-4.5
1613,9.9
1614,4.5
1615,1
1616,5.9
1617,2.5
1618,5.4
1619,6.3
1620,-1.7
1621,-6.7
1622,3.6
1623,-0.8
1624,-3.5
1625,4.5
1626,-0.7
1627,7.4
1628,5.5
1629,-3.4
1630,-0.9
1631,3.4
1632,-3.6
1633,7.5
1634,3.2
1635,2.8
1636,-6.7
1637,0.5
1638,0.6
1639,3.8
1640,5.2
1641,5.4
1642,6.1
1643,-6.4
1644,5.6
1645,2.4
1646,2.5
1647,4.5
1648,1.9
1649,0.2
1650,4.8
1651,7.4
1652,2.1
1653,1.6
1654,7.6
1655,2
1656,0.7
1657,0.4
1658,4.2
1659,-10.4
1660,5.3
1661,-0.3
1662,7.9
1663,5.9
1664,4.8
1665,4
1666,3.1
1667,6.2
1668,4.2
1669,5.4
1670,6.4
1671,8.9
1672,1.1
1673,5.1
1674,3.7
1675,8.1
1676,3.6
1677,-2
1678,-0.7
1679,7.6
1680,0.4
1681,4.7
1682,8.3
1683,6.4
1684,9.6
1685,6.3
1686,1.4
1687,-6.2
1688,8.1
1689,9.7
1690,8
1691,0.3
1692,-7.4
1693,5.7
1694,4.5
1695,-1.8
1696,-0.5
1697,4.4
1698,-3.1
1699,-0.1
1700,7.5
1701,-0.2
1702,-16.3
1703,1.8
1704,-2.3
1705,7.4
1706,-1.6
1707,-0.6
1708,10.3
1709,7.2
1710,0.6
1711,2.9
1712,7.9
1713,6.8
1714,0.1
1715,4.2
1716,3.6
1717,3.2
1718,-1.2
1719,3.5
1720,-0.7
1721,8.9
1722,3.9
1723,8.1
1724,4.2
1725,3.5
1726,2.3
1727,1.8
1728,9.6
1729,83.8
1730,-0.6
1731,-12.6
1732,2.7
1733,-1.7
1734,0.2
1735,13.9
1736,-0.6
1737,6.2
1738,5.8
1739,-0.2
1740,-0.6
1741,4
1742,4.1
1743,5.5
1744,-5.3
1745,5.9
1746,4.9
1747,7.3
1748,-2.6
1749,0.4
1750,7.8
1751,1.6
1752,6.2
1753,6.2
1754,3.2
1755,4.6
1756,4.8
1757,9.2
1758,2.4
1759,0.9
1760,-0.8
1761,7.7
1762,3.1
1763,0
1764,0.8
1765,-3.6
1766,-0.1
1767,-4.5
1768,3
1769,10.4
1770,1.9
1771,4.6
1772,3.9
1773,4.3
1774,5.5
1775,12.6
1776,-7
1777,7.7
1778,6
1779,2.8
1780,-3.3
1781,1.9
1782,-16.7
1783,-0.4
1784,4
1785,2
1786,2.8
1787,5.6
1788,2.9
1789,9.9
1790,16
1791,-1.1
1792,0.9
1793,3.2
1794,1.5
1795,3.7
1796,-6.7
1797,5.3
1798,1.1
1799,3.3
1800,3.4
1801,-1.1
1802,3.5
1803,1.2
1804,-1.3
1805,2.8
1806,2.7
1807,5.5
1808,-0.4
1809,-11
1810,10.2
1811,20.9
1812,10
1813,3.6
1814,2.4
1815,2.6
1816,7.7
1817,2.2
1818,5.6
1819,0.9
1820,4.8
1821,1.1
1822,5.7
1823,-2.1
1824,-1.7
1825,10.1
1826,6.5
1827,2.6
1828,2.2
1829,4.4
1830,12.4
1831,3
1832,-0.4
1833,6.6
1834,0
1835,1.1
1836,6
1837,1.9
1838,-9.6
1839,2.3
1840,4.1
1841,4.5
1842,2.6
1843,6.4
1844,2.5
1845,5.2
1846,-0.4
1847,0
1848,5.7
1849,-0.4
1850,5.7
1851,0.3
1852,-5.3
1853,0.3
1854,2.3
1855,2.4
1856,9.8
1857,1.3
1858,7.5
1859,9.7
1860,-2.9
1861,6
1862,5.3
1863,2
1864,-2.1
1865,5.1
1866,7.1
1867,5.7
1868,3.9
1869,1.6
1870,4.1
1871,-0.9
1872,5
1873,2.2
1874,1.6
1875,5.3
1876,10.1
1877,3.2
1878,-0.3
1879,2.4
1880,10.5
1881,-2.7
1882,0.3
1883,2
1884,4.3
1885,7.3
1886,13.4
1887,-1.1
1888,1.4
1889,2.8
1890,3.7
1891,-0.3
1892,7.6
1893,5.2
1894,4.8
1895,-5.1
1896,-3.9
1897,5.5
1898,6.1
1899,-0.3
1900,9.3
1901,6.4
1902,3.9
1903,2.1
1904,5.1
1905,3.9
1906,5.1
1907,7.2
1908,6.7
1909,-14.4
1910,9.1
1911,7.3
1912,-5
1913,3.4
1914,9.3
1915,3.1
1916,4.7
1917,2.2
1918,3.7
1919,2.3
1920,-7.1
1921,-2.9
1922,-1.5
1923,4.7
1924,-1.1
1925,5.8
1926,8.2
1927,4.7
1928,0.8
1929,1.7
1930,5.2
1931,7
1932,1.9
1933,-5.9
1934,4.7
1935,2.1
1936,-2
1937,0.2
1938,-4.7
1939,-7.7
1940,4.7
1941,1.7
1942,9
1943,-1
1944,5.5
1945,10.7
1946,3.6
1947,5.9
1948,0.1
1949,4.5
1950,1.4
1951,-4.7
1952,-7.8
1953,-9.7
1954,5.3
1955,-1.8
1956,2.9
1957,-8
1958,-2.4
1959,-6
1960,4.6
1961,4.1
1962,1.3
1963,3.4
1964,0.8
1965,-1.8
1966,-4.5
1967,0.3
1968,-3.1
1969,-0.3
1970,0.5
1971,4.1
1972,8.5
1973,0.7
1974,6.4
1975,-3.7
1976,-10.1
1977,2.8
1978,1.4
1979,-1.7
1980,6.9
1981,4.2
1982,2.8
1983,1.4
1984,5
1985,4
1986,-11.6
1987,-3.7
1988,12.8
1989,0.7
1990,0.8
1991,3.7
1992,6.4
1993,5.6
1994,0
1995,4
1996,-1
1997,5
1998,2
1999,3.4
2000,0.8
2001,-14.3
2002,3.8
2003,-3
2004,7.5
2005,-1.8
2006,1
2007,5
2008,4.2
2009,1.7
2010,3.3
2011,-2.5
2012,-5.8
2013,0.9
2014,3.7
2015,-1.8
2016,-4.3
2017,6.7
2018,6.8
2019,2.3
2020,4
2021,1.3
2022,4.7
2023,4.8
2024,4.9
2025,-0.2
2026,-20.2
2027,6
2028,1.1
2029,0.7
2030,0.5
2031,0.3
2032,-1.3
2033,-3
2034,5.7
2035,1.8
2036,4.4
2037,2.5
2038,-1.5
2039,6.4
2040,-0.3
2041,1.2
2042,6.7
2043,1.7
2044,5.1
2045,7.2
2046,5.4
2047,-2.5
2048,3.9
2049,3.6
2050,7.8
2051,3.4
2052,-1.3
2053,0.3
2054,5.7
2055,5.9
2056,0.1
2057,-1.5
2058,-2.8
2059,7.1
2060,3.1
2061,-4.9
2062,2.3
2063,1.5
2064,-0.8
2065,10.5
2066,2.1
2067,9.1
2068,3.8
2069,6
2070,14.6
2071,4.4
2072,-2.7
2073,1.1
2074,3.3
2075,2.5
2076,3.8
2077,1.1
2078,-0.9
2079,5.4
2080,0.3
2081,4.3
2082,8.8
2083,-1.9
2084,4.5
2085,-5.5
2086,-1.8
2087,4.4
2088,3.8
2089,0.9
2090,6.9
2091,0.5
2092,1.5
2093,-0.7
2094,3.8
2095,7.8
2096,10.1
2097,-1.4
2098,2.2
2099,89.4
2100,6.7
2101,0.7
2102,0.5
2103,-2.6
2104,-0.9
2105,9.9
2106,1
2107,3.1
2108,1.6
2109,2.6
2110,-4.1
2111,5.7
2112,-1.7
2113,-1.4
2114,4.2
2115,6.4
2116,0.6
2117,5.2
2118,1.5
2119,6.1
2120,6.6
2121,1
2122,2.7
2123,5.8
2124,2.2
2125,4.7
2126,2.6
2127,3.6
2128,4.5
2129,-10
2130,2.7
2131,5.2
2132,-0.8
2133,3.4
2134,-0.6
2135,4.9
2136,-1.1
2137,-5
2138,-3
2139,4
2140,-0.9
2141,3.6
2142,0.3
2143,1.8
2144,-0.8
2145,-1.7
2146,4.8
2147,0.8
2148,-4.8
2149,5
2150,6.5
2151,0.5
2152,3.6
2153,-0.6
2154,7.9
2155,4
2156,1.6
2157,3.4
2158,2.5
2159,4.8
2160,10
2161,-5.7
2162,-0.8
2163,5.6
2164,2.7
2165,2.3
2166,-3.1
2167,-0.3
2168,3.9
2169,3
2170,2.2
2171,3.5
2172,0.5
2173,4.9
2174,4.2
2175,0.8
2176,-0.6
2177,-5.3
2178,2.8
2179,1
2180,-2.2
2181,1.8
2182,6.5
2183,0.1
2184,-1.1
2185,-0.9
2186,2.2
2187,2
2188,1.7
2189,-10.7
2190,-1.6
2191,3.3
2192,-2.9
2193,4.8
2194,2
2195,7.3
2196,3.6
2197,0.4
2198,8.8
2199,-0.7
2200,3.1
2201,3.3
2202,6.2
2203,7.3
2204,7.3
2205,-2.1
2206,4.6
2207,1.6
2208,-1.9
2209,1.4
2210,0.4
2211,0.3
2212,3.4
2213,3.7
2214,-3.7
2215,3.8
2216,4.1
2217,5.3
2218,2.2
2219,-2.7
2220,2.7
2221,3.2
2222,-10.2
2223,4.1
2224,-4.1
2225,-3.1
2226,2.4
2227,-1.9
2228,6.5
2229,-0.9
2230,-2.5
2231,3.7
2232,2.5
2233,-8.4
2234,3.8
2235,5.9
2236,6.6
2237,-0.8
2238,-6.6
2239,0.7
2240,8.5
2241,1.3
2242,1
2243,5.7
2244,11.5
2245,-4
2246,5.5
2247,4.9
2248,9.3
2249,3.7
2250,4.7
2251,2
2252,3
2253,-5.7
2254,4
2255,2.3
2256,-3.5
2257,1.1
2258,-2
2259,1.7
2260,2.2
2261,8.8
2262,4.6
2263,2.8
2264,-6.6
2265,4.3
2266,3.3
2267,5.5
2268,2
2269,-1
2270,4.9
2271,-2.7
2272,7.2
2273,-14.2
2274,6.6
2275,3.9
2276,-1.8
2277,-1.6
2278,5
2279,2.9
2280,2.8
2281,4.1
2282,0.5
2283,-0.5
2284,5.4
2285,3.7
2286,4.9
2287,-0.8
2288,-1.2
2289,9.6
2290,-7
2291,3.5
2292,5.6
2293,-1.6
2294,0.5
2295,6.6
2296,5.1
2297,0.1
2298,3.8
2299,4.6
2300,-4.5
2301,-3
2302,-4.2
2303,4.1
2304,4.7
2305,5.1
2306,-4.4
2307,3
2308,-1.2
2309,0.6
2310,4.5
2311,3.5
2312,3.7
2313,3
2314,3.5
2315,1.2
2316,4.5
2317,2.1
2318,4.7
2319,0.2
2320,5.6
2321,-1.3
2322,7.3
2323,4.3
2324,0.2
2325,3.2
2326,-0.4
2327,-0.5
2328,-0.2
2329,5.8
2330,6.9
2331,-0.2
2332,-2.7
2333,-2.4
2334,0.9
2335,-0.2
2336,4.5
2337,-6.9
2338,0.8
2339,0.8
2340,4.8
2341,6.5
2342,0
2343,-0.5
2344,-12.7
2345,-7.1
2346,1.8
2347,-2.8
2348,7.4
2349,5.7
2350,2.1
2351,-1.4
2352,6.8
2353,7.4
2354,-3.7
2355,5
2356,4.4
2357,-11.8
2358,0.8
2359,-1.7
2360,-3.1
2361,0.8
2362,5.2
2363,5.6
2364,6
2365,0.9
2366,4.5
2367,3.1
2368,3.1
2369,2.2
2370,1.5
2371,5.6
2372,-2.3
2373,2.1
2374,-1
2375,4.5
2376,3.5
2377,3.3
2378,2
2379,3.3
2380,-3.2
2381,7.4
2382,3.4
2383,2.3
2384,5.7
2385,6
2386,8.9
2387,-8.9
2388,-6.6
2389,-1
2390,5.4
2391,0.9
2392,-1.1
2393,1.1
2394,-0.3
2395,-1.5
2396,2.9
2397,6
2398,-3.2
2399,2.5
2400,0.3
2401,-11.9
2402,-9
2403,7.6
2404,-2.4
2405,4.5
2406,0.1
2407,-4.5
2408,-5.5
2409,6.3
2410,3.6
2411,-2.9
2412,-7.4
2413,0.8
2414,4.3
2415,5.7
2416,-3.6
2417,5.6
2418,-2.7
2419,-4.5
2420,-0.2
2421,3.1
2422,6.3
2423,6.6
2424,5
2425,5.6
2426,1.5
2427,6
2428,4.5
2429,6.5
2430,5.7
2431,-0.8
2432,-1.2
2433,7.8
2434,-4.8
2435,4.8
2436,-1.9
2437,2.3
2438,-5.4
2439,3.3
2440,7.2
2441,2.9
2442,-3.5
2443,2.5
2444,5.6
2445,1.2
2446,-4.1
2447,3.3
2448,2.1
2449,-3.5
2450,0.6
2451,-1.5
2452,6.2
2453,2.6
2454,3.6
2455,2.5
2456,3.4
2457,-4.2
2458,17.2
2459,-1.9
2460,-9.9
2461,0.8
2462,-3.5
2463,-4.7
2464,2.7
2465,-2.6
2466,0.8
2467,4.8
2468,2.9
2469,-0.3
2470,-1.3
2471,5
2472,-0.4
2473,6.9
2474,7.9
2475,-0.3
2476,5.1
2477,3.4
2478,1.3
2479,0.7
2480,4.3
2481,4.4
2482,4.2
2483,-3.4
2484,0.3
2485,-0.5
2486,6.5
2487,3.4
2488,9.3
2489,-4.2
2490,10.3
2491,2.3
2492,1.7
2493,4.8
2494,6.2
2495,6
2496,3.8
2497,6
2498,3
2499,-1.1
2500,4.5
2501,-1.3
2502,8.9
2503,4.6
2504,-6.8
2505,-6
2506,3.2
2507,-0.8
2508,1.4
2509,-0.3
2510,1.2
2511,3.9
2512,5.9
2513,-0.1
2514,-3.6
2515,-1.7
2516,4
2517,-8.8
2518,1.5
2519,7.9
2520,5
2521,1.8
2522,0.4
2523,2.7
2524,5.8
2525,5.1
2526,-1.1
2527,5.1
2528,-4.1
2529,-1.5
2530,-5.2
2531,5.8
2532,-0.4
2533,-9.3
2534,-1.3
2535,-3.2
2536,3.9
2537,3
2538,-6.7
2539,8.4
2540,2.9
2541,6
2542,2.9
2543,6.5
2544,-3
2545,3.8
2546,1.6
2547,4.5
2548,-5.5
2549,4.3
2550,1.4
2551,2.7
2552,8.6
2553,5.4
2554,-2.7
2555,2.5
2556,-1
2557,4.8
2558,5.6
2559,10.1
2560,-0.2
2561,2.2
2562,4.5
2563,-1.8
2564,-2.5
2565,12.4
2566,-0.7
2567,2.5
2568,6.7
2569,2.8
2570,-1.9
2571,1.1
2572,-2.6
2573,-1.7
2574,-0.3
2575,0
2576,0.3
2577,-0.1
2578,2.2
2579,0.9
2580,4
2581,0.5
2582,-3
2583,1.4
2584,-1.3
2585,-0.2
2586,-3.6
2587,-2.8
2588,-8.8
2589,4
2590,-2.5
2591,5
2592,4.7
2593,8.6
2594,4.1
2595,-3.2
2596,5.1
2597,-2.2
2598,-1.2
2599,6.4
2600,-1.4
2601,2
2602,8.5
2603,-2.9
2604,-4.3
2605,1.9
2606,0.5
2607,2.5
2608,-1.2
2609,-2.6
2610,2.8
2611,4.6
2612,4.3
2613,0.1
2614,-0.1
2615,11
2616,-3.5
2617,-1.3
2618,5.4
2619,4.4
2620,-2.3
2621,4.4
2622,3.8
2623,-4.8
2624,-0.7
2625,-5.7
2626,2.9
2627,-0.2
2628,6.9
2629,3.5
2630,1.5
2631,4.9
2632,8.8
2633,-7.1
2634,1.1
2635,3.1
2636,-2.4
2637,0.1
2638,3.3
2639,0.7
2640,2.5
2641,-0.9
2642,3.1
2643,-11.5
2644,3.9
2645,5.4
2646,3.7
2647,-4.1
2648,-0.3
2649,4.8
2650,-1.8
2651,4.9
2652,3.6
2653,-2.2
2654,4.6
2655,7.1
2656,6.1
2657,2.4
2658,5.8
2659,2.2
2660,2.5
2661,2.7
2662,9.6
2663,-2
2664,-6.4
2665,2.8
2666,5
2667,3.6
2668,4.6
2669,3.4
2670,1.9
2671,-2
2672,-0.6
2673,4.1
2674,0.5
2675,-5.4
2676,6.7
2677,-4.2
2678,-2.1
2679,2.5
2680,-1.1
2681,-0.5
2682,-0.3
2683,1.9
2684,-0.2
2685,27.2
2686,8.4
2687,-3.1
2688,-0.1
2689,4.6
2690,3.1
2691,-2.3
2692,6
2693,-1.9
2694,2.3
2695,4.2
2696,0.7
2697,-0.5
2698,-0.3
2699,-7.9
2700,0.1
2701,3.6
2702,5.1
2703,6.4
2704,1.6
2705,1.9
2706,1
2707,1.6
2708,1.9
2709,5.9
2710,3.1
2711,5.8
2712,11.5
2713,5.3
2714,2
2715,0.2
2716,4
2717,4.1
2718,0.1
2719,4.9
2720,4.4
2721,5.2
2722,9
2723,3.5
2724,2.2
2725,5.7
2726,-2.7
2727,-0.3
2728,-1.3
2729,2.1
2730,4.8
2731,5.7
2732,-6.6
2733,1.9
2734,8.8
2735,6.3
2736,-1.9
2737,3
2738,-2.5
2739,17.1
2740,4.9
2741,-3.8
2742,3.2
2743,-1.2
2744,4.8
2745,2.5
2746,4.4
2747,5.2
2748,4.8
2749,2.6
2750,5
2751,-0.5
2752,3.2
2753,-2.7
2754,-0.4
2755,8.4
2756,-6.5
2757,-1.5
2758,4.1
2759,-0.1
2760,3.7
2761,-1
2762,1.1
2763,9.2
2764,3
2765,5.7
2766,2.3
2767,-1.3
2768,-1
2769,6.1
2770,-6.7
2771,-1.5
2772,0.4
2773,0.1
2774,3.7
2775,-0.6
2776,5.6
2777,4.8
2778,2.3
2779,8.5
2780,-1.8
2781,-2.6
2782,2.3
2783,0.4
2784,6.6
2785,3
2786,6.7
2787,-1.6
2788,-3.4
2789,4.3
2790,-6.5
2791,3
2792,8.3
2793,5.4
2794,-5.5
2795,1.7
2796,-3.5
2797,5.5
2798,5.7
2799,3.3
2800,6.7
2801,-2.1
2802,8.5
2803,5.8
2804,4
2805,4.6
2806,5.6
2807,-4.9
2808,6.4
2809,0.9
2810,1.4
2811,2.2
2812,3.6
2813,4.8
2814,-4
2815,3.4
2816,3.9
2817,1.7
2818,4.3
2819,2.6
2820,1.5
2821,3.6
2822,0.4
2823,0.7
2824,2.7
2825,6.3
2826,4.2
2827,-1.9
2828,6.8
2829,3.1
2830,-4.6
2831,-9.6
2832,-2.2
2833,6.7
2834,-5.1
2835,-1.4
2836,-6.5
2837,-0.3
2838,0.3
2839,1.4
2840,-1.4
2841,0.3
2842,-2
2843,13.2
2844,4.5
2845,3.4
2846,7.2
2847,-4.2
2848,6
2849,3.9
2850,-0.5
2851,3.7
2852,4.1
2853,-3.2
2854,-1.7
2855,4.5
2856,-2.1
2857,2.6
2858,7.2
2859,1.9
2860,10.4
2861,-5.8
2862,1.1
2863,-3.5
2864,0.1
2865,0.1
2866,10.6
2867,9.1
2868,5.2
2869,3.2
2870,4.3
2871,0.1
2872,9.2
2873,-1
2874,4.9
2875,-4.8
2876,5.9
2877,2
2878,4.5
2879,4.7
2880,-2.5
2881,-0.3
2882,-11.8
2883,-1.5
2884,0.6
2885,0.2
2886,1.8
2887,4.2
2888,7.3
2889,7.7
2890,-1.3
2891,5.1
2892,9.7
2893,4
2894,5.3
2895,3.8
2896,10.7
2897,1.5
2898,1.9
2899,4.4
2900,6.3
2901,-1.9
2902,-0.2
2903,6.8
2904,-4.2
2905,3.8
2906,-1.5
2907,-2.8
2908,4.5
2909,1.1
2910,0.7
2911,6.8
2912,-0.5
2913,3.4
2914,-2.4
2915,-3.2
2916,0.8
2917,1.5
2918,2.8
2919,-1
2920,4.7
2921,7.5
2922,0.6
2923,6.6
2924,-9.4
2925,3.8
2926,-1.2
2927,-0.5
2928,4.6
2929,5.8
2930,2.8
2931,2.5
2932,7.9
2933,4.2
2934,3.9
2935,-0.8
2936,1.3
2937,0.2
2938,10.1
2939,3.2
2940,8.9
2941,-3.2
2942,-3.2
2943,-2.6
2944,5.9
2945,1.5
2946,2.8
2947,2.6
2948,-3.1
2949,4.2
2950,2.1
2951,-1.9
2952,-3
2953,-1.7
2954,5.3
2955,4.2
2956,-3.1
2957,-1.3
2958,5
2959,-2.6
2960,-2.9
2961,-0.7
2962,2.4
2963,-4.9
2964,4.4
2965,3.9
2966,7.3
2967,4
2968,-3.9
2969,-4.2
2970,1.8
2971,2
2972,-2.7
2973,1.3
2974,3.8
2975,-2.6
2976,3.1
2977,-3.3
2978,4
2979,1.1
2980,-3.1
2981,0.1
2982,-6.8
2983,-5.6
2984,-2.5
2985,6.9
2986,4.3
2987,7.9
2988,7.9
2989,-2.8
2990,2.5
2991,2.9
2992,5.8
2993,0.3
2994,0.1
2995,5
2996,-0.1
2997,5.3
2998,1.6
2999,0.9
3000,3
3001,6.2
3002,6.1
3003,7.1
3004,6.4
3005,-2.1
3006,10.1
3007,7.2
3008,5
3009,1.3
3010,50.8
3011,7.1
3012,-1.6
3013,1.1
3014,-2.2
3015,3
3016,-1.2
3017,1.2
3018,-0.2
3019,0.1
3020,-3
3021,7.1
3022,-1.3
3023,3.2
3024,-6.6
3025,4.1
3026,1.8
3027,4.2
3028,1.7
3029,1.8
3030,-3.9
3031,9.7
3032,4
3033,4.5
3034,-3.2
3035,4.8
3036,7.8
3037,4.5
3038,1.8
3039,0.3
3040,7.4
3041,-3
3042,5.2
3043,5.5
3044,2
3045,4
3046,3.5
3047,2
3048,-5
3049,1.7
3050,-2.4
3051,1.7
3052,4.3
3053,2.8
3054,-0.5
3055,1.4
3056,1.8
3057,6.9
3058,3.3
3059,2
3060,-0.2
3061,2.2
3062,4.2
3063,3.3
3064,-1.7
3065,4.5
3066,3.2
3067,4.2
3068,-7.2
3069,2.6
3070,5
3071,3.5
3072,5
3073,0.5
3074,-1
3075,4.5
3076,-2.1
3077,-3.9
3078,5.4
3079,2.6
3080,3.4
3081,7.6
3082,-0.8
3083,5.2
3084,6.5
3085,8.6
3086,4.2
3087,-7
3088,-9.4
3089,6.3
3090,1.5
3091,4.5
3092,-4.4
3093,2.4
3094,-0.8
3095,3.5
3096,3.5
3097,-2.3
3098,4.2
3099,2.3
3100,0.4
3101,3.3
3102,-1.3
3103,-1.6
3104,1.3
3105,2.7
3106,0.9
3107,0.5
3108,1.6
3109,9.8
3110,2.1
3111,4
3112,-5.6
3113,-1
3114,0.6
3115,6.6
3116,5.1
3117,3.8
3118,1.3
3119,5.8
3120,5
3121,3.3
3122,-3.2
3123,-4
3124,4.1
3125,-1.8
3126,-5.5
3127,-2.6
3128,4.5
3129,5.7
3130,5.6
3131,3.2
3132,5.2
3133,-2
3134,4.8
3135,-4.2
3136,1.2
3137,-0.2
3138,-1.3
3139,-1
3140,-9.3
3141,-2.6
3142,6.7
3143,-0.8
3144,-1.3
3145,-6.4
3146,14.6
3147,7
3148,4.5
3149,3.1
3150,2.7
3151,-3.6
3152,1.9
3153,6.6
3154,2.3
3155,2.5
3156,2.8
3157,5.6
3158,2.7
3159,6.6
3160,2.7
3161,4.3
3162,3.9
3163,-9.7
3164,5.7
3165,1.6
3166,1.1
3167,7.2
3168,6.4
3169,0
3170,6.5
3171,-11.3
3172,-8.5
3173,2.9
3174,-6.8
3175,8.8
3176,4.9
3177,-2.1
3178,1.1
3179,2.2
3180,2.5
3181,-4.2
3182,1.5
3183,9.4
3184,4
3185,2.7
3186,2.2
3187,1.1
3188,4.6
3189,-1.8
3190,5.7
3191,1.8
3192,1.4
3193,4.2
3194,4.2
3195,-3.6
3196,-11.6
3197,2.2
3198,1.2
3199,5.1
3200,2.6
3201,4.5
3202,2.8
3203,3.4
3204,5.8
3205,4.4
3206,2.9
3207,-0.8
3208,6.1
3209,6.1
3210,3.5
3211,2.5
3212,-6.8
3213,5.5
3214,3
3215,4.4
3216,4.2
3217,8
3218,1.7
3219,-5.5
3220,9.2
3221,3.6
3222,-0.1
3223,0
3224,-2.4
3225,-5.2
3226,5.4
3227,5.2
3228,5.9
3229,1.1
3230,2.3
3231,-2.3
3232,1.2
3233,2.7
3234,1.7
3235,-3.7
3236,5.9
3237,6.5
3238,6.6
3239,2.3
3240,-4.4
3241,1
3242,6.5
3243,-0.8
3244,7.5
3245,-0.6
3246,-8.6
3247,3.6
3248,-0.7
3249,-1.9
3250,-0.2
3251,-2.9
3252,4.4
3253,3.4
3254,3.6
3255,-7.8
3256,3.7
3257,-1.4
3258,3.6
3259,0.1
3260,-2.1
3261,-3.4
3262,-0.9
3263,5.7
3264,7.4
3265,6.7
3266,2.1
3267,8.3
3268,-3.1
3269,1
3270,4.9
3271,5
3272,7.1
3273,-0.8
3274,-1.2
3275,0.8
3276,-1.1
3277,-0.2
3278,8.3
3279,3.5
3280,1.3
3281,0.6
3282,1.4
3283,7
3284,-1
3285,4.6
3286,4.2
3287,5.1
3288,3.7
3289,-2
3290,-6.2
3291,1.6
3292,-0.4
3293,-4.1
3294,1
3295,9.6
3296,2.2
3297,4.3
3298,-0.1
3299,-1.5
3300,0.9
3301,2.4
3302,1.8
3303,6.5
3304,-7.7
3305,-1.3
3306,1.9
3307,2.4
3308,-0.9
3309,1.5
3310,-7.9
3311,3.9
3312,-1.8
3313,-1.8
3314,4.6
3315,1.8
3316,3.8
3317,4.1
3318,4.6
3319,4.8
3320,-1.3
3321,5.8
3322,-6.9
3323,-0.8
3324,-6.4
3325,1.8
3326,-1.8
3327,-6.2
3328,-3.8
3329,-1.6
3330,6.7
3331,-6.4
3332,5.1
3333,-1.9
3334,4.7
3335,7.5
3336,-1.3
3337,-6.9
3338,5.8
3339,-3.4
3340,-0.1
3341,0.3
3342,10.2
3343,0.1
3344,-0.5
3345,2.2
3346,4.4
3347,4.3
3348,1.3
3349,3.8
3350,1.6
3351,1.7
3352,-0.4
3353,13
3354,2.6
3355,-0.1
3356,-1.5
3357,2.3
3358,2.9
3359,-2.8
3360,-1.9
3361,2
3362,-2.7
3363,3.6
3364,3.5
3365,1.4
3366,1.9
3367,6
3368,-2.9
3369,-3.1
3370,-2.5
3371,5
3372,4.3
3373,-0.7
3374,4.7
3375,0.9
3376,3.7
3377,3.9
3378,3.6
3379,5.8
3380,4.8
3381,-0.8
3382,-7
3383,-0.2
3384,-4.7
3385,-1.7
3386,1.9
3387,1.9
3388,3
3389,8.3
3390,4.1
3391,3.4
3392,-2.7
3393,1.8
3394,5.5
3395,7.8
3396,3.3
3397,5.3
3398,6.1
3399,2.2
3400,6.5
3401,-4.2
3402,9.2
3403,0.3
3404,6.9
3405,-4
3406,1.7
3407,1.8
3408,1.4
3409,-0.7
3410,3.6
3411,6.3
3412,9.4
3413,2.8
3414,-1.8
3415,3.4
3416,4.9
3417,-0.8
3418,-3.6
3419,0.1
3420,7.5
3421,2.8
3422,4.8
3423,3.8
3424,8.4
3425,4.2
3426,3.5
3427,-4.2
3428,9.8
3429,2.7
3430,-2.6
3431,-11
3432,5.1
3433,-4.1
3434,4.4
3435,-7.6
3436,3.4
3437,-1.1
3438,3.4
3439,7.9
3440,-0.3
3441,3.1
3442,4.2
3443,3.5
3444,1.7
3445,-4.8
3446,-3.2
3447,3.2
3448,-1
3449,0.2
3450,-1.5
3451,-1.7
3452,2.9
3453,-1.1
3454,-3.1
3455,3.8
3456,2.5
3457,2.3
3458,-1.1
3459,1
3460,4.8
3461,6.3
3462,1.9
3463,1.6
3464,4.7
3465,0.7
3466,-1.6
3467,-1
3468,2.4
3469,-8.6
3470,4.5
3471,0.1
3472,3.4
3473,3.2
3474,5.4
3475,-3.5
3476,2.9
3477,3
3478,0.1
3479,7.5
3480,0.1
3481,-0.3
3482,7.1
3483,1.8
3484,1.8
3485,3.4
3486,3.2
3487,5
3488,3.7
3489,-0.5
3490,9.7
3491,6.3
3492,6.8
3493,3.3
3494,6.9
3495,4
3496,7.2
3497,5.8
3498,5.7
3499,5.3
3500,6.8
3501,4.9
3502,2.8
3503,1.9
3504,-8.5
3505,5.6
3506,-1.3
3507,1.8
3508,2.7
3509,3.9
3510,-2.3
3511,-0.2
3512,4.3
3513,1.3
3514,-4.2
3515,93.4
3516,5.6
3517,3.6
3518,1.8
3519,2
3520,2.1
3521,-5.9
3522,4.1
3523,-3.7
3524,2.9
3525,4.8
3526,5.6
3527,-7.9
3528,2
3529,-8.7
3530,-1.6
3531,-2.4
3532,4.7
3533,-1.8
3534,-4.7
3535,-2.8
3536,-2.1
3537,4.4
3538,5.8
3539,-3
3540,6.5
3541,-6.5
3542,-0.1
3543,0.3
3544,0.8
3545,7.9
3546,5.5
3547,1.2
3548,-6.2
3549,2.3
3550,6.4
3551,-1.2
3552,-0.7
3553,3
3554,1.3
3555,9.2
3556,-0.2
3557,1.7
3558,0.1
3559,1.5
3560,1.6
3561,-7.4
3562,-0.5
3563,-1.3
3564,-1.1
3565,0.5
3566,3
3567,6.2
3568,-1.6
3569,0.3
3570,6.7
3571,4.5
3572,-7.9
3573,-1.7
3574,0.6
3575,-0.6
3576,2
3577,-4.9
3578,4.7
3579,4.8
3580,5.1
3581,0.9
3582,-1.2
3583,-0.3
3584,1.1
3585,-5.5
3586,1.3
3587,3.4
3588,7.4
3589,2.8
3590,3.8
3591,-0.2
3592,4.4
3593,-1.7
3594,-2.8
3595,-0.9
3596,0.8
3597,13.4
3598,5.3
3599,9.5
3600,6.2
3601,-5
3602,6.4
3603,0
3604,-4
3605,-1.1
3606,5.6
3607,-1.3
3608,0.7
3609,2.9
3610,3.4
3611,-4.5
3612,4
3613,4
3614,-1.4
3615,-1
3616,5.8
3617,3
3618,-5.1
3619,-3.2
3620,0.5
3621,2.4
3622,1.2
3623,3
3624,4.7
3625,0
3626,6.2
3627,4.6
3628,-3
3629,0.9
3630,0.5
3631,-3.1
3632,6.8
3633,-1.3
3634,-3.4
3635,-0.7
3636,-0.4
3637,8.6
3638,-0.2
3639,3.9
3640,5.1
3641,-0.3
3642,-3.9
3643,2.2
3644,-2
3645,4.5
3646,-5.7
3647,1.4
3648,-0.9
3649,4.6
3650,-0.7
3651,0.2
3652,-0.6
3653,8
3654,3.2
3655,-6.9
3656,-0.6
3657,1.5
3658,3.5
3659,8.1
3660,-7.8
3661,6.9
3662,5.7
3663,-1.4
3664,0.1
3665,-4.7
3666,14.3
3667,1.4
3668,-4.4
3669,-1.1
3670,7.2
3671,2.4
3672,-2.1
3673,0.5
3674,-9.8
3675,-1.3
3676,-1.1
3677,-9.1
3678,13.4
3679,2
3680,-0.2
3681,6.8
3682,3.8
3683,1.9
3684,2.1
3685,-20.6
3686,-1.2
3687,4.4
3688,2.5
3689,2.5
3690,6.9
3691,2.5
3692,0.9
3693,-6.6
3694,2.6
3695,4
3696,-5.5
3697,7.4
3698,4.1
3699,2.1
3700,1.1
3701,-1.6
3702,-0.3
3703,4.2
3704,-1.1
3705,1.4
3706,1.6
3707,2.5
3708,4.2
3709,4.6
3710,-0.2
3711,7.1
3712,4.2
3713,-4.2
3714,-2.3
3715,-2.6
3716,2.1
3717,1.4
3718,-4.4
3719,3.5
3720,6
3721,4.8
3722,2.8
3723,4.8
3724,5.3
3725,-4
3726,5.2
3727,2
3728,-4.1
3729,2.7
3730,0.2
3731,2.9
3732,0.9
3733,0.2
3734,0.1
3735,3.6
3736,-2.6
3737,-2.6
3738,5.5
3739,-0.2
3740,9
3741,9.6
3742,2.1
3743,-0.3
3744,1.4
3745,2.4
3746,6.7
3747,1.1
3748,2.2
3749,7.3
3750,-3.2
3751,-25.3
3752,-3
3753,-1.1
3754,0
3755,4.1
3756,4.7
3757,3.4
3758,-1.5
3759,-1.5
3760,1.4
3761,1.6
3762,-3.3
3763,4.8
3764,5.1
3765,2.4
3766,7.1
3767,3.8
3768,-1.5
3769,2.9
3770,-8
3771,0.4
3772,2.6
3773,7.4
3774,-1.8
3775,4.4
3776,-1
3777,-7.3
3778,2.7
3779,1.7
3780,0.6
3781,0.7
3782,8.4
3783,6.9
3784,6.1
3785,8.3
3786,4.1
3787,3.9
3788,4.9
3789,-0.8
3790,-6.3
3791,-5.2
3792,4.5
3793,3.8
3794,-6.5
3795,-3.3
3796,3.3
3797,-0.3
3798,-3
3799,-2
3800,-2.1
3801,5.5
3802,7.3
3803,2.7
3804,2.9
3805,5.5
3806,-0.7
3807,3.2
3808,-2.4
3809,0.8
3810,1.7
3811,2.6
3812,-9.8
3813,1.9
3814,7.3
3815,2.6
3816,3.9
3817,3
3818,4.2
3819,1.8
3820,5.5
3821,5.9
3822,-2.4
3823,6.4
3824,3
3825,-2.6
3826,-2.5
3827,3.2
3828,4.4
3829,6.4
3830,3.9
3831,1
3832,2.1
3833,2.6
3834,3.5
3835,0
3836,-3.3
3837,9.3
3838,6.9
3839,16.9
3840,2.5
3841,0.1
3842,5.6
3843,-0.1
3844,1.5
3845,6.2
3846,7.1
3847,7
3848,7.6
3849,3
3850,-0.4
3851,5.6
3852,-1.1
3853,2.1
3854,-3
3855,1
3856,3.4
3857,0.9
3858,-0.3
3859,5.9
3860,2
3861,-0.5
3862,3.9
3863,7.8
3864,-6.9
3865,3.2
3866,3.1
3867,4.7
3868,1
3869,1.8
3870,0.1
3871,5.7
3872,-1.1
3873,0.3
3874,-6.3
3875,4.2
3876,-0.1
3877,1
3878,-1.3
3879,6.1
3880,8.7
3881,2.4
3882,-1.2
3883,8.5
3884,-0.9
3885,5.1
3886,-3.2
3887,3
3888,2.3
3889,4.1
3890,6.3
3891,4.6
3892,3.4
3893,1.4
3894,3
3895,3.3
3896,-2.5
3897,4
3898,-5.7
3899,0.2
3900,9
3901,7.6
3902,-1.6
3903,4.8
3904,4.4
3905,-1.6
3906,-3.2
3907,4.1
3908,-0.6
3909,-4.2
3910,1.9
3911,2.1
3912,-0.8
3913,-0.3
3914,1.4
3915,3.3
3916,5.4
3917,0.2
3918,11.4
3919,9.1
3920,13.2
3921,-1
3922,0.2
3923,-11
3924,6
3925,4
3926,-1.2
3927,2
3928,1.9
3929,2.6
3930,6.7
3931,4.4
3932,1.8
3933,4.1
3934,3.5
3935,4.8
3936,2.8
3937,0.3
3938,-0.8
3939,1.4
3940,1.3
3941,7
3942,4
3943,5.7
3944,1.8
3945,-3.7
3946,-3.1
3947,2.9
3948,2.8
3949,-5.8
3950,0.8
3951,6
3952,3.4
3953,0.5
3954,8.2
3955,3.2
3956,-6.6
3957,3.1
3958,4.4
3959,-1.2
3960,6.2
3961,0.7
3962,78.1
3963,-1.9
3964,3.2
3965,-3.9
3966,-5.8
3967,-1.6
3968,-5.4
3969,7.5
3970,3.8
3971,-2.5
3972,5.5
3973,-0.5
3974,2.9
3975,7
3976,-0.6
3977,5.4
3978,5.3
3979,5.5
3980,3.6
3981,4.6
3982,1.9
3983,0.1
3984,-4
3985,-4.2
3986,1.3
3987,3.1
3988,-1.3
3989,-3.8
3990,10.3
3991,4
3992,5.9
3993,12.4
3994,0.1
3995,-1.7
3996,-1.3
3997,-1.9
3998,6.1
3999,5.5
4000,12.5
4001,-6
4002,4.9
4003,-2.7
4004,-2.1
4005,-1.2
4006,1.4
4007,-4.2
4008,-1.8
4009,0.6
4010,0.6
4011,3.5
4012,1.2
4013,4.5
4014,0.6
4015,4.3
4016,-0.1
4017,-0.6
4018,-0.5
4019,2
4020,3.7
4021,3.3
4022,3.1
4023,4.5
4024,0.8
4025,4.1
4026,-1.5
4027,2
4028,5.2
4029,3.5
4030,6.4
4031,6.3
4032,5.8
4033,5.9
4034,7
4035,-1.5
4036,-0.3
4037,0.7
4038,7.1
4039,-0.4
4040,-2
4041,6.4
4042,4.3
4043,2.3
4044,2.4
4045,3.9
4046,6
4047,8.3
4048,-2.8
4049,-7.3
4050,4
4051,-1.2
4052,-1.5
4053,4.2
4054,-3.7
4055,15.4
4056,1.3
4057,4.6
4058,-2.4
4059,-6.5
4060,6.7
4061,1.2
4062,5.7
4063,4
4064,7.8
4065,0.9
4066,-2
4067,-2.4
4068,6
4069,-3.2
4070,2.7
4071,3.1
4072,0.7
4073,-4.9
4074,-2.9
4075,2.4
4076,7.7
4077,5
4078,3.3
4079,11.4
4080,6.1
4081,1.4
4082,2.4
4083,6.8
4084,5.5
4085,-11.2
4086,2
4087,3
4088,3
4089,-1
4090,3.9
4091,-0.5
4092,8.6
4093,7
4094,3.3
4095,-0.8
4096,2
4097,6
4098,2.7
4099,5.1
4100,0.9
4101,9.5
4102,6.8
4103,0.9
4104,6.2
4105,-3.5
4106,-1.1
4107,1.7
4108,-1.2
4109,5.3
4110,3.3
4111,4.4
4112,-3.7
4113,-1.8
4114,49.6
4115,-1.7
4116,-4
4117,0.5
4118,-2.6
4119,4.7
4120,-4.6
4121,3.6
4122,3.7
4123,12
4124,-3.1
4125,2
4126,6.2
4127,3.7
4128,-0.1
4129,-12.5
4130,-4.9
4131,3.9
4132,-6.8
4133,1.8
4134,2.5
4135,1.8
4136,2.9
4137,7.5
4138,3.7
4139,-3.2
4140,3
4141,-1.9
4142,1.6
4143,-3.4
4144,5.5
4145,-6.8
4146,-2.5
4147,-0.3
4148,-1.5
4149,2.2
4150,0.7
4151,3.2
4152,-2.2
4153,7.2
4154,-3.2
4155,0.3
4156,3.5
4157,-0.2
4158,-7
4159,3.2
4160,7.3
4161,-1.7
4162,2.1
4163,3.1
4164,-5.8
4165,-4.5
4166,-1.9
4167,6.1
4168,6.3
4169,-4.5
4170,2.6
4171,-0.3
4172,-6.5
4173,6.5
4174,-0.1
4175,-5.8
4176,-0.8
4177,-0.1
4178,-2.4
4179,-6.7
4180,-1
4181,4.8
4182,4.3
4183,2.5
4184,2.5
4185,0.2
4186,-5.4
4187,-1.2
4188,6.8
4189,0.5
4190,4.8
4191,4.3
4192,3.5
4193,0.8
4194,-2.5
4195,1.6
4196,4.3
4197,-11.6
4198,11.3
4199,-0.5
4200,-0.1
4201,8.8
4202,6.2
4203,-2.4
4204,2.1
4205,-5
4206,2.4
4207,5.5
4208,4.6
4209,10.7
4210,3.8
4211,4.1
4212,5
4213,-1.9
4214,-2.1
4215,-0.5
4216,3
4217,2.2
4218,2.4
4219,5.3
4220,1.9
4221,-2.3
4222,5.2
4223,1.5
4224,7.1
4225,-1.1
4226,10.5
4227,3.5
4228,0.2
4229,2
4230,4.7
4231,-3.7
4232,5.1
4233,-4.2
4234,1.7
4235,6.9
4236,-1.1
4237,-11.6
4238,6.6
4239,-4.3
4240,2.6
4241,-2.5
4242,5.7
4243,4.8
4244,2.5
4245,4.2
4246,-1.5
4247,1.1
4248,-4
4249,3.6
4250,-1
4251,3.6
4252,-1.4
4253,4.9
4254,0.1
4255,-0.4
4256,4.6
4257,6.2
4258,1.5
4259,-3.6
4260,2.5
4261,4.4
4262,-9.2
4263,5
4264,-0.3
4265,2
4266,3.3
4267,6
4268,-2
4269,3.6
4270,7.4
4271,5.4
4272,6.9
4273,3.1
4274,6.8
4275,6.8
4276,5.3
4277,1.3
4278,5.8
4279,5.2
4280,1.3
4281,-3
4282,-2.9
4283,8.1
4284,-3.6
4285,5.1
4286,3.9
4287,1.7
4288,-0.4
4289,0.7
4290,-1.2
4291,-4
4292,-2.6
4293,-4.9
4294,-3.2
4295,4
4296,0.9
4297,-0.5
4298,-0.9
4299,-3.7
4300,-6.5
4301,4.4
4302,-2.7
4303,2.9
4304,7.1
4305,-4.5
4306,2.5
4307,3.5
4308,7.3
4309,4
4310,1.1
4311,3.7
4312,4.1
4313,3.9
4314,5
4315,-1.6
4316,-3.4
4317,-2.1
4318,-2.5
4319,3
4320,2.1
4321,5.6
4322,-0.6
4323,1.4
4324,0.6
4325,-5.7
4326,5.8
4327,-2.3
4328,5.8
4329,-1.5
4330,2.6
4331,-2.1
4332,5.3
4333,3.9
4334,0.6
4335,2.3
4336,6.3
4337,4.8
4338,-3.1
4339,-3.9
4340,-0.1
4341,0.4
4342,-1.9
4343,1.3
4344,-1.5
4345,4
4346,5.9
4347,2.7
4348,2.4
4349,0.6
4350,1.1
4351,6.2
4352,5.1
4353,-1.9
4354,2.5
4355,1.9
4356,2.4
4357,2
4358,4
4359,0.8
4360,3.7
4361,4.2
4362,-5.8
4363,5.2
4364,2.2
4365,8.5
4366,1.8
4367,7.5
4368,7.8
4369,9.9
4370,2.4
4371,3.9
4372,3.2
4373,5.7
4374,0.2
4375,9.8
4376,-4.1
4377,0.1
4378,5.6
4379,6.9
4380,1
4381,-0.2
4382,2
4383,-4
4384,4.7
4385,2.2
4386,-4
4387,2.4
4388,3
4389,4
4390,5.3
4391,-3.3
4392,4.7
4393,4.9
4394,7.3
4395,4.9
4396,11
4397,3.5
4398,2.3
4399,5.7
4400,4.4
4401,5.3
4402,2.9
4403,-0.5
4404,1.9
4405,-2.7
4406,5.6
4407,-5
4408,-1.6
4409,4.1
4410,3.6
4411,0.2
4412,6
4413,2.4
4414,-11
4415,-3.4
4416,-4.6
4417,2.5
4418,10.8
4419,0.7
4420,6.8
4421,3
4422,2.4
4423,3.9
4424,-0.4
4425,5.1
4426,-0.4
4427,-6
4428,-3.9
4429,3.3
4430,-3
4431,1.8
4432,4.4
4433,3.2
4434,-1.3
4435,-0.9
4436,-0.8
4437,3.1
4438,-2.4
4439,0.1
4440,2.5
4441,0.9
4442,-0.5
4443,6.2
4444,5.6
4445,2.9
4446,8
4447,7
4448,3.6
4449,8.6
4450,4.7
4451,3.3
4452,0.8
4453,-1.7
4454,-6.4
4455,0.3
4456,2.7
4457,2.3
4458,6.6
4459,3.3
4460,3
4461,0.8
4462,0.8
4463,1.5
4464,2.6
4465,5.4
4466,6.2
4467,5.3
4468,4
4469,3.2
4470,6.4
4471,1.6
4472,1.6
4473,-3.7
4474,4.5
4475,-2.7
4476,2.9
4477,7.7
4478,-1
4479,-3
4480,3.5
4481,0.6
4482,-0.4
4483,3.1
4484,0.4
4485,-0.8
4486,2.5
4487,-0.2
4488,-1.8
4489,0.6
4490,4.6
4491,-1.1
4492,10.8
4493,1.3
4494,2
4495,2
4496,4.7
4497,4.9
4498,3.5
4499,-2.9
4500,1.9
4501,8.2
4502,4.7
4503,-1.1
4504,6.4
4505,7.1
4506,3.1
4507,-2.5
4508,5.3
4509,2.5
4510,4.9
4511,1.4
4512,5.8
4513,-1.7
4514,-1.3
4515,71.8
4516,3.3
4517,1.5
4518,-1.9
4519,10.1
4520,7
4521,6.8
4522,-10.2
4523,0.7
4524,-6.5
4525,3.1
4526,-0.4
4527,0.1
4528,5.1
4529,2.2
4530,2.2
4531,3.2
4532,1.7
4533,0
4534,-0.8
4535,-6.6
4536,1.6
4537,-7.1
4538,1.5
4539,1.5
4540,3.9
4541,3.3
4542,0.5
4543,3.9
4544,4.3
4545,6.3
4546,-3.4
4547,-5.2
4548,0.8
4549,6.1
4550,5.8
4551,3.1
4552,-1.1
4553,-4.4
4554,8.6
4555,-3.5
4556,-0.9
4557,-5.3
4558,-2.8
4559,6.4
4560,2.7
4561,2.6
4562,-0.7
4563,-1
4564,-2.7
4565,5.8
4566,1.8
4567,3.6
4568,7.3
4569,3.9
4570,-3.3
4571,-7.6
4572,-0.2
4573,17.3
4574,-0.1
4575,2.8
4576,-0.3
4577,3.2
4578,-2.1
4579,3.4
4580,2
4581,5
4582,5
4583,6.4
4584,10.4
4585,5.6
4586,2.5
4587,-5.3
4588,-1
4589,0.8
4590,1.7
4591,4.9
4592,7.2
4593,4
4594,4.5
4595,9.8
4596,5.4
4597,4.1
4598,2.3
4599,-3.3
4600,2.6
4601,5.7
4602,-6.5
4603,0.2
4604,-1.5
4605,4
4606,-1.2
4607,5.8
4608,-3.6
4609,5.4
4610,-0.8
4611,0.6
4612,1.3
4613,5.3
4614,-1
4615,0.7
4616,5.4
4617,2.4
4618,4.3
4619,-0.6
4620,3.7
4621,6.7
4622,4.2
4623,3.2
4624,-8.9
4625,3.1
4626,-4.2
4627,8.5
4628,-2.8
4629,6.7
4630,0.3
4631,3.7
4632,-5.5
4633,6.9
4634,2.7
4635,-1.5
4636,4.6
4637,2.3
4638,6.9
4639,-12.4
4640,-3.4
4641,-6.3
4642,7.9
4643,4.3
4644,6.7
4645,6.1
4646,1.4
4647,5.9
4648,0.3
4649,1.1
4650,5.2
4651,-0.3
4652,6.1
4653,-2.4
4654,5.1
4655,0.1
4656,-2.3
4657,-2.7
4658,4.5
4659,-1.7
4660,-7.1
4661,0.4
4662,-1.6
4663,3.8
4664,-4.9
4665,2.6
4666,-5.8
4667,3.8
4668,0.9
4669,13.2
4670,0.2
4671,0
4672,4.7
4673,1.3
4674,0.6
4675,7.5
4676,2.2
4677,5.2
4678,9.3
4679,-1.1
4680,0.8
4681,3.3
4682,-1.9
4683,4.5
4684,5.9
4685,3
4686,6.1
4687,3.8
4688,4.4
4689,-6.2
4690,2.7
4691,-6.7
4692,5.8
4693,2.9
4694,5
4695,4.6
4696,3.1
4697,-4.4
4698,-6.2
4699,1.3
4700,3.1
4701,-12.6
4702,8.9
4703,4.7
4704,-2.8
4705,-5.9
4706,-1.8
4707,6.3
4708,-2.3
4709,7.3
4710,2.3
4711,-11.8
4712,7
4713,14.1
4714,-1.6
4715,2.1
4716,0.3
4717,-0.5
4718,-0.8
4719,0.8
4720,4.8
4721,5
4722,-9.8
4723,2.3
4724,3.3
4725,1.8
4726,2.4
4727,-2.8
4728,4.2
4729,5.5
4730,0.4
4731,5.1
4732,-0.6
4733,5.6
4734,2.8
4735,5.9
4736,3.4
4737,0.1
4738,7.4
4739,3.1
4740,-13.2
4741,1.2
4742,3.5
4743,1.6
4744,1.8
4745,4.4
4746,-1.6
4747,2.7
4748,3.8
4749,4.4
4750,1.1
4751,1.2
4752,5.1
4753,3.2
4754,6.9
4755,3.7
4756,8.1
4757,1.6
4758,4
4759,0.4
4760,1.3
4761,0.1
4762,6.6
4763,4.5
4764,5.9
4765,0.8
4766,-5
4767,3.6
4768,4.9
4769,-0.8
4770,-3.3
4771,4.8
4772,1.7
4773,2.6
4774,1.9
4775,-11.9
4776,-8.1
4777,5.5
4778,-2.4
4779,1.5
4780,3.2
4781,2.4
4782,-5.1
4783,-3
4784,-0.8
4785,8.9
4786,-0.9
4787,0.1
4788,7.3
4789,4.7
4790,6.5
4791,-3.5
4792,9.7
4793,5.7
4794,-1.7
4795,3.2
4796,3.1
4797,1.5
4798,5
4799,3.8
4800,3.6
4801,6.4
4802,0.7
4803,-0.9
4804,0.6
4805,-1.5
4806,4.2
4807,1.1
4808,1.5
4809,0.7
4810,3.7
4811,0.5
4812,2.3
4813,7
4814,-18.7
4815,3.9
4816,-3
4817,0.8
4818,4.5
4819,1.6
4820,6.5
4821,-6.9
4822,-1.3
4823,7.2
4824,0.3
4825,-7.3
4826,-3.5
4827,1.5
4828,15.6
4829,3.2
4830,7.8
4831,-4.3
4832,4.9
4833,-0.6
4834,5.4
4835,146.2
4836,4.1
4837,2.1
4838,1.1
4839,3.1
4840,-1.5
4841,5
4842,1.1
4843,3.5
4844,3.9
4845,1.1
4846,5.7
4847,3.8
4848,-1.4
4849,5.6
4850,3.8
4851,-3
4852,-2.7
4853,2
4854,-0.8
4855,-7.1
4856,1.9
4857,6.8
4858,8.2
4859,0.2
4860,-2.8
4861,5.3
4862,-6.7
4863,-4.3
4864,4.3
4865,-2.1
4866,2.1
4867,-1.6
4868,3.6
4869,-6.5
4870,2.5
4871,-4.3
4872,9.9
4873,0.1
4874,-0.1
4875,3.2
4876,-1.4
4877,4.7
4878,1.1
4879,-1.1
4880,-2.2
4881,3.1
4882,-0.4
4883,7.5
4884,2.7
4885,2.3
4886,1.5
4887,-0.8
4888,0.5
4889,1.5
4890,-1.7
4891,-3.4
4892,-2.6
4893,5.3
4894,-0.2
4895,8.2
4896,-0.3
4897,-1.2
4898,2.1
4899,1.4
4900,4.6
4901,4.4
4902,1.1
4903,3.7
4904,8.6
4905,-0.9
4906,0.4
4907,0.3
4908,-0.2
4909,-1.4
4910,-0.6
4911,3.7
4912,0.8
4913,-0.1
4914,-3
4915,2.4
4916,-2.8
4917,2.3
4918,4.6
4919,-1
4920,4.5
4921,-1.4
4922,7.4
4923,-1
4924,3
4925,-1.1
4926,3.2
4927,-0.3
4928,-4.3
4929,-1.7
4930,0.2
4931,3
4932,4.7
4933,-3.9
4934,14.4
4935,3.8
4936,5
4937,4.9
4938,0.5
4939,3.2
4940,2.8
4941,4.7
4942,4.1
4943,1.3
4944,-1.1
4945,0
4946,2
4947,2.6
4948,-2.4
4949,6.1
4950,4.1
4951,3.5
4952,4.3
4953,3.9
4954,0.1
4955,4
4956,-2.9
4957,5
4958,3.4
4959,1.6
4960,19.5
4961,-8.2
4962,0.9
4963,-0.5
4964,1.2
4965,6.2
4966,0.8
4967,2.2
4968,3.5
4969,1.9
4970,5.9
4971,4.1
4972,1.9
4973,6.5
4974,4.7
4975,-0.9
4976,3.5
4977,0.2
4978,7.3
4979,3.1
4980,2.2
4981,1.1
4982,-2.3
4983,5.4
4984,-3.5
4985,-0.1
4986,11.2
4987,6.8
4988,11.4
4989,-7.2
4990,0.5
4991,2.2
4992,-1.6
4993,5.1
4994,3.7
4995,-2.5
4996,0.9
4997,0.6
4998,4
4999,4.3
5000,1.9
5001,11.3
5002,1.4
5003,0.8
5004,1.4
5005,-22.2
5006,5.2
5007,-3.1
5008,5.8
5009,-3.2
5010,-2.7
5011,4.5
5012,1.7
5013,6.3
5014,2.8
5015,5
5016,0.9
5017,2.3
5018,-3.7
5019,-2.6
5020,5.5
5021,32.9
5022,5.6
5023,4.8
5024,10.4
5025,1.4
5026,-6.1
5027,0.2
5028,-2.5
5029,5.1
5030,7.2
5031,4.5
5032,-0.9
5033,-1.3
5034,1.3
5035,2.8
5036,2.6
5037,4.1
5038,4.1
5039,8
5040,3.8
5041,-5.6
5042,2.6
5043,12.4
5044,3.7
5045,0.8
5046,4.4
5047,4.6
5048,-7.5
5049,3.9
5050,6.7
5051,4.2
5052,5.7
5053,5.1
5054,-0.6
5055,3.7
5056,1.3
5057,1.1
5058,7.2
5059,2.3
5060,1.1
5061,5.2
5062,5.4
5063,8.9
5064,2.1
5065,6.3
5066,3.9
5067,5.4
5068,-0.1
5069,-2.5
5070,-3.4
5071,-7
5072,-0.9
5073,-1.1
5074,-4.4
5075,-2.2
5076,7.3
5077,2.7
5078,-3
5079,-3.8
5080,-4.5
5081,1.7
5082,8.8
5083,0.6
5084,1.5
5085,10.9
5086,5.9
5087,-0.2
5088,2.4
5089,-0.2
5090,8
5091,-0.2
5092,1.3
5093,-5.8
5094,-0.9
5095,-2.4
5096,2.6
5097,5.6
5098,-1
5099,2.8
5100,-5.6
5101,5.5
5102,0.8
5103,4.1
5104,-0.9
5105,4.5
5106,6
5107,-2.5
5108,-1.2
5109,4.2
5110,2.1
5111,1.1
5112,-0.5
5113,4.9
5114,2.6
5115,-6.8
5116,7.2
5117,-1.1
5118,-5.8
5119,-0.2
5120,9.1
5121,-0.3
5122,-10.6
5123,-0.5
5124,-0.6
5125,4.3
5126,-1.5
5127,-1.3
5128,3.7
5129,105.1
5130,10.1
5131,-4.9
5132,-1.1
5133,6
5134,10.3
5135,2.7
5136,5.4
5137,1.6
5138,-8.6
5139,-1.5
5140,5
5141,-0.1
5142,3.9
5143,-3.3
5144,1.9
5145,9.8
5146,4.2
5147,4.4
5148,3
5149,3.7
5150,3.4
5151,0.3
5152,6.3
5153,4.7
5154,5.2
5155,2.3
5156,5.4
5157,-10.6
5158,6.1
5159,7.4
5160,5.5
5161,5.9
5162,3.5
5163,-0.1
5164,5.2
5165,4
5166,1.2
5167,-4.6
5168,-4.5
5169,-13.9
5170,-5.9
5171,-1.3
5172,3.4
5173,3.3
5174,5.6
5175,4.9
5176,-2.6
5177,5.7
5178,3.9
5179,4.1
5180,5.3
5181,-0.6
5182,4.3
5183,-0.9
5184,5.1
5185,2
5186,3.6
5187,-1.2
5188,2.4
5189,-0.9
5190,-1.8
5191,-2.3
5192,4
5193,0.8
5194,4.7
5195,-1.8
5196,0.5
5197,2.1
5198,1.2
5199,3.8
5200,3.9
5201,0.8
5202,-6.8
5203,0.9
5204,0.5
5205,2.3
5206,-3.4
5207,0.1
5208,-1.1
5209,-7
5210,-1.5
5211,6
5212,2.9
5213,-1.8
5214,5.2
5215,0.2
5216,3.5
5217,6.2
5218,-3.3
5219,3.8
5220,4.8
5221,-2.7
5222,-1
5223,2.3
5224,1.3
5225,4.8
5226,2.5
5227,2.4
5228,4
5229,-3.4
5230,-6.8
5231,3
5232,-0.9
5233,0.1
5234,4.6
5235,6.4
5236,-4.8
5237,2
5238,-5
5239,-1.2
5240,-1.9
5241,7.1
5242,5.8
5243,3.7
5244,-3
5245,3.8
5246,-4.7
5247,3
5248,4
5249,6.6
5250,2.1
5251,0.1
5252,1.6
5253,3
5254,5.6
5255,-6.8
5256,8.5
5257,1.9
5258,-3
5259,-1.9
5260,2.8
5261,3.1
5262,-0.9
5263,3.8
5264,7.9
5265,1.6
5266,0.3
5267,5.2
5268,-1.2
5269,-7.9
5270,-2.5
5271,6.5
5272,0.4
5273,-0.2
5274,0.8
5275,2
5276,6.5
5277,0
5278,6.3
5279,-5.3
5280,-3.1
5281,-5.2
5282,3.8
5283,5.8
5284,5.9
5285,4.9
5286,4.3
5287,4.8
5288,2.1
5289,-1.2
5290,2.3
5291,9.5
5292,1.2
5293,5
5294,7.5
5295,3
5296,10.9
5297,-5.3
5298,1.4
5299,4.6
5300,-3.4
5301,5.1
5302,-7.4
5303,7.7
5304,2.6
5305,0.5
5306,-0.3
5307,0.2
5308,8.6
5309,5.3
5310,1.6
5311,5
5312,0
5313,1
5314,9.4
5315,8
5316,5.9
5317,-5.4
5318,-0.1
5319,5.7
5320,2.2
5321,1.7
5322,5.6
5323,5.5
5324,5.4
5325,2.1
5326,2.3
5327,8.6
5328,0.4
5329,-0.6
5330,8.3
5331,-2.7
5332,2.9
5333,-4
5334,3.6
5335,-0.6
5336,6.6
5337,7.3
5338,22.8
5339,4.1
5340,9.5
5341,20.8
5342,4.3
5343,4.6
5344,3.5
5345,0.9
5346,5.9
5347,6.8
5348,3.2
5349,-7.2
5350,4.9
5351,3.2
5352,1.6
5353,2.5
5354,-0.9
5355,0.7
5356,7.3
5357,2.2
5358,7.5
5359,-1.2
5360,-4.9
5361,-4
5362,2.1
5363,-10.1
5364,-0.2
5365,-0.2
5366,6
5367,3.5
5368,3.1
5369,-6.9
5370,1.5
5371,1.5
5372,-3
5373,2.8
5374,5.3
5375,0.3
5376,6.5
5377,5.4
5378,-2.9
5379,-3
5380,4.7
5381,-1.1
5382,1.9
5383,3.5
5384,3.7
5385,6.9
5386,0
5387,-0.5
5388,-2.2
5389,0.1
5390,7.2
5391,3.8
5392,-5.9
5393,0.5
5394,-3.2
5395,6.1
5396,0.8
5397,-6.9
5398,5.3
5399,3.4
5400,0.4
5401,2.4
5402,-0.9
5403,-2
5404,5
5405,5.8
5406,9
5407,5.7
5408,-3.1
5409,6.1
5410,8.7
5411,-2
5412,14.4
5413,-3.8
5414,1.5
5415,-4.3
5416,0.5
5417,9.5
5418,6.5
5419,0.1
5420,4.2
5421,2.3
5422,-0.2
5423,4.1
5424,4.7
5425,4.9
5426,0.3
5427,-2
5428,-6.4
5429,6
5430,1.9
5431,7.9
5432,4.3
5433,-3.8
5434,-5.4
5435,0.3
5436,1.6
5437,2.4
5438,-1.3
5439,0.9
5440,-2.9
5441,-0.1
5442,2.6
5443,4.6
5444,1.4
5445,4.4
5446,5.6
5447,-0.3
5448,1.5
5449,-7.8
5450,6.3
5451,3.7
5452,5.8
5453,6.1
5454,3.3
5455,3.7
5456,-6.4
5457,-0.6
5458,4.2
5459,4.2
5460,-1.1
5461,-0.4
5462,3.7
5463,4
5464,2.8
5465,-5.4
5466,2.5
5467,2.4
5468,0.4
5469,2
5470,9.5
5471,2.7
5472,2.8
5473,6.8
5474,3.5
5475,-2.2
5476,4.1
5477,-4.6
5478,-1.3
5479,-3.2
5480,1.3
5481,5.9
5482,3.3
5483,0
5484,1
5485,0.3
5486,1.5
5487,1.9
5488,6
5489,1.5
5490,2.1
5491,3.3
5492,-0.2
5493,2.4
5494,1.4
5495,-2.9
5496,-12.4
5497,-1.8
5498,-1.7
5499,2.8
5500,-3.1
5501,1.8
5502,-4.3
5503,-6.8
5504,-4.4
5505,2
5506,0.2
5507,13.1
5508,9.5
5509,4.1
5510,5.6
5511,8
5512,5.7
5513,6.9
5514,6.2
5515,-4.2
5516,-3.9
5517,-0.3
5518,5.3
5519,5.2
5520,4.2
5521,-1.4
5522,1.3
5523,0.1
5524,3.4
5525,5.8
5526,2.9
5527,3.7
5528,4.6
5529,-1.1
5530,-8.3
5531,5.2
5532,3.5
5533,5.3
5534,0.3
5535,-1.7
5536,-0.3
5537,-0.9
5538,-3.6
5539,7.1
5540,3
5541,-9.9
5542,2.2
5543,0.7
5544,2.2
5545,4.7
5546,10.4
5547,1.8
5548,2.9
5549,-2.4
5550,1.3
5551,1.7
5552,1.1
5553,4
5554,1
5555,4.5
5556,10.2
5557,4.5
5558,7.8
5559,2.6
5560,6
5561,1.2
5562,4.9
5563,-0.3
5564,0.8
5565,2.3
5566,5
5567,2.7
5568,-1.9
5569,2.9
5570,2.4
5571,19.2
5572,6.3
5573,-5.5
5574,-0.7
5575,3.5
5576,2.8
5577,2.6
5578,0
5579,3.4
5580,0.8
5581,4.2
5582,3.6
5583,8
5584,-6.6
5585,1.9
5586,5.3
5587,1.4
5588,4.3
5589,2.5
5590,1.6
5591,2.8
5592,2.6
5593,-0.3
5594,4
5595,6.8
5596,3.8
5597,3.2
5598,-2.5
5599,-2.1
5600,3.3
5601,1.5
5602,2.1
5603,-6.6
5604,2.1
5605,6.4
5606,3.2
5607,10.8
5608,1.8
5609,0.1
5610,-6
5611,8
5612,-1.3
5613,0.4
5614,0.4
5615,0.1
5616,0.3
5617,-1.1
5618,5
5619,4
5620,9.7
5621,2.9
5622,-1.1
5623,4.5
5624,4.2
5625,4
5626,2.2
5627,-2
5628,4.5
5629,-1.9
5630,5.1
5631,-0.5
5632,2.4
5633,5.3
5634,5.8
5635,-3
5636,3.6
5637,-0.1
5638,-3
5639,-3.9
5640,7.1
5641,2.5
5642,1.3
5643,7.5
5644,-0.6
5645,7.9
5646,1.5
5647,-0.4
5648,-8
5649,1.5
5650,6.2
5651,6.5
5652,10.8
5653,3.2
5654,6.1
5655,0.6
5656,0.4
5657,4
5658,5.8
5659,3.9
5660,-4.8
5661,-3.4
5662,8.4
5663,7
5664,5.5
5665,2.7
5666,-2.1
5667,-2.4
5668,-2
5669,-5.2
5670,0.8
5671,6.4
5672,-4.4
5673,2
5674,-3.2
5675,-8.6
5676,-2.6
5677,-1.1
5678,1.1
5679,2.9
5680,-1.4
5681,-2.3
5682,11.2
5683,-2.5
5684,1.5
5685,4.9
5686,3.4
5687,6
5688,-2.5
5689,4.6
5690,4
5691,1.9
5692,-0.5
5693,7.4
5694,9.3
5695,0.6
5696,-4.2
5697,-4.3
5698,-8.6
5699,3.2
5700,-0.3
5701,0.9
5702,7.6
5703,7.1
5704,3.5
5705,0.6
5706,4.4
5707,6.4
5708,2.6
5709,-3
5710,4.7
5711,4.7
5712,4.5
5713,3.1
5714,10.4
5715,1.6
5716,4
5717,5.7
5718,1.4
5719,-0.9
5720,-0.3
5721,0.1
5722,3.5
5723,-4.7
5724,-9.1
5725,3.7
5726,-3.3
5727,6
5728,0.9
5729,5.9
5730,-5
5731,1
5732,4.4
5733,0.1
5734,-8.7
5735,-4.1
5736,4.8
5737,1.9
5738,3.9
5739,3.1
5740,-1.1
5741,2.4
5742,-3.3
5743,3.4
5744,3.4
5745,4
5746,6.1
5747,1
5748,12.6
5749,-4.9
5750,1.6
5751,-5
5752,6.7
5753,15.7
5754,0.2
5755,1.4
5756,4
5757,0.2
5758,4
5759,3.6
5760,7.5
5761,-3.8
5762,-2.3
5763,5.3
5764,5
5765,5
5766,0.7
5767,3.8
5768,3.6
5769,-3.1
5770,-0.4
5771,-1.6
5772,0.3
5773,-2.4
5774,1.8
5775,-1.8
5776,-2.7
5777,4.9
5778,-1.9
5779,2.8
5780,-2.8
5781,0.9
5782,7.4
5783,1.7
5784,2.7
5785,8.7
5786,1.5
5787,-0.8
5788,5.4
5789,1.8
5790,-2.3
5791,-0.6
5792,-2.2
5793,2.8
5794,3.3
5795,5.7
5796,1.3
5797,-4.6
5798,4.5
5799,15.5
5800,-0.8
5801,-7.5
5802,0.2
5803,-1.8
5804,1.2
5805,1.8
5806,4.8
5807,4.1
5808,4.6
5809,17.5
5810,5
5811,-0.8
5812,-1.6
5813,-1.1
5814,1.8
5815,-0.5
5816,0.7
5817,3.9
5818,-5.3
5819,4.9
5820,-1.3
5821,4.9
5822,3.8
5823,6.3
5824,0.9
5825,4.2
5826,6.4
5827,5.5
5828,3.9
5829,-5.1
5830,8.1
5831,-1.2
5832,-0.4
5833,8.8
5834,1.8
5835,-3.2
5836,0
5837,2.6
5838,3.8
5839,4
5840,0
5841,4.6
5842,-0.2
5843,4
5844,-4.9
5845,3.5
5846,-6.7
5847,-0.6
5848,2.2
5849,-0.9
5850,5
5851,12.4
5852,0.4
5853,-0.8
5854,4.8
5855,-0.7
5856,2.9
5857,-2.6
5858,-2.6
5859,2.9
5860,4.5
5861,14.7
5862,11
5863,6.4
5864,7.2
5865,1.5
5866,6.7
5867,2.6
5868,4.4
5869,1.3
5870,9.1
5871,-6.6
5872,4.2
5873,3.9
5874,3.9
5875,9.4
5876,2
5877,5.5
5878,5.2
5879,7.8
5880,0.9
5881,2.9
5882,9.9
5883,8.1
5884,0.2
5885,4.1
5886,-3.9
5887,-6.5
5888,1.3
5889,0
5890,0.5
5891,-1.6
5892,-0.3
5893,7.8
5894,4
5895,1
5896,2.9
5897,3.5
5898,1.9
5899,-0.6
5900,0.9
5901,1
5902,3.1
5903,-0.4
5904,3.9
5905,0.5
5906,-2.6
5907,6.8
5908,2.4
5909,-0.2
5910,5.1
5911,14.3
5912,0.5
5913,-1.3
5914,0.1
5915,4.8
5916,6.3
5917,-6.8
5918,-6.6
5919,2.4
5920,-4
5921,-1.6
5922,5.9
5923,3.7
5924,2.4
5925,2.7
5926,3.4
5927,5.3
5928,-2
5929,-3.6
5930,2.6
5931,1.1
5932,-1.5
5933,-2
5934,2.7
5935,-2.4
5936,2.1
5937,3
5938,6.5
5939,2.4
5940,4
5941,6.5
5942,14.2
5943,2.8
5944,3.4
5945,1.6
5946,2.3
5947,4.5
5948,-2.8
5949,0.3
5950,0.9
5951,-0.9
5952,1.1
5953,3
5954,0.7
5955,5.3
5956,-1.9
5957,1.9
5958,-3.8
5959,5.3
5960,6.4
5961,2.6
5962,3.4
5963,-4.3
5964,-2.9
5965,4.7
5966,-0.7
5967,4.8
5968,-9
5969,4.3
5970,-4.3
5971,-0.8
5972,5.3
5973,-0.2
5974,3.9
5975,3.4
5976,2.7
5977,5.6
5978,3
5979,2.7
5980,4.8
5981,6.2
5982,1.5
5983,-2.7
5984,2.4
5985,-0.8
5986,-1.3
5987,0.3
5988,1.9
5989,-0.7
5990,11.6
5991,6.1
5992,-8.2
5993,-2.6
5994,-3.3
5995,-3.2
5996,1.2
5997,2.8
5998,-1.1
5999,5.1
6000,1.4
6001,0.1
6002,-4.8
6003,4.1
6004,-2.9
6005,-1.1
6006,2.3
6007,-2.7
6008,5.1
6009,2.6
6010,6.4
6011,1.3
6012,5
6013,9.3
6014,4
6015,-6.5
6016,1.4
6017,0.1
6018,5.2
6019,-4.6
6020,6.1
6021,5.8
6022,-7.1
6023,0.2
6024,2.1
6025,2.2
6026,3.5
6027,-2.7
6028,1
6029,-35.5
6030,1.7
6031,0.4
6032,3.1
6033,-0.1
6034,1.6
6035,0.3
6036,3.2
6037,4.2
6038,5
6039,2.4
6040,0.2
6041,4.3
6042,-6.5
6043,5.5
6044,2.1
6045,1.7
6046,-5
6047,1.9
6048,4.8
6049,-4
6050,-0.5
6051,-1.9
6052,4.8
6053,7.4
6054,-5.5
6055,0.8
6056,-5.1
6057,8.2
6058,6.5
6059,-3.5
6060,1.4
6061,0.1
6062,7.6
6063,-3.7
6064,-6.5
6065,3.4
6066,5.3
6067,0.3
6068,5.9
6069,5.3
6070,5
6071,6.5
6072,0.6
6073,9
6074,0.9
6075,3.9
6076,8
6077,6.7
6078,4
6079,1.6
6080,4.7
6081,-0.1
6082,2.1
6083,-0.9
6084,1.3
6085,3.3
6086,0.7
6087,2.5
6088,0.6
6089,0.5
6090,-2.1
6091,-0.9
6092,0.9
6093,2.5
6094,-0.9
6095,4.1
6096,3.7
6097,-0.9
6098,3.3
6099,3.1
6100,6.5
6101,3.3
6102,-6.8
6103,2.9
6104,2.9
6105,7
6106,5.1
6107,1
6108,0.1
6109,2.7
6110,4.1
6111,3.8
6112,-1.4
6113,1.9
6114,3.2
6115,-5.2
6116,-1.4
6117,-2
6118,-0.4
6119,9.2
6120,2.1
6121,1.3
6122,1.7
6123,0.3
6124,2.8
6125,-6.3
6126,-1.4
6127,5.2
6128,-2.2
6129,3.5
6130,6.5
6131,2.1
6132,1.4
6133,0.2
6134,-0.5
6135,-1.1
6136,4.7
6137,-0.8
6138,-0.7
6139,1.3
6140,10.1
6141,-1.2
6142,3.6
6143,3.4
6144,1.3
6145,5.1
6146,1
6147,-2.3
6148,-0.8
6149,2.2
6150,8.4
6151,6
6152,9.9
6153,-5.7
6154,36.1
6155,-1.3
6156,-0.8
6157,5.2
6158,-0.5
6159,4.7
6160,4.7
6161,5.5
6162,5.5
6163,3.8
6164,-6.5
6165,2.4
6166,1.4
6167,5.8
6168,-2.9
6169,0.9
6170,-6
6171,5.5
6172,5.1
6173,-2
6174,-1.5
6175,6.9
6176,-0.6
6177,-0.4
6178,1.6
6179,3.5
6180,6.1
6181,-2.6
6182,-0.3
6183,6.9
6184,10.7
6185,-0.3
6186,7.2
6187,-0.6
6188,6.2
6189,-6
6190,0.5
6191,5.2
6192,0.1
6193,5.3
6194,5
6195,-3.5
6196,3.6
6197,4.6
6198,0.5
6199,5.8
6200,4.2
6201,-6.1
6202,1.3
6203,-1.5
6204,-3.6
6205,6.5
6206,-1
6207,3.1
6208,1.9
6209,3.3
6210,-3
6211,-2.4
6212,3.2
6213,6
6214,9.9
6215,-4.5
6216,6.1
6217,0.8
6218,6.1
6219,3.9
6220,3.4
6221,-0.1
6222,6.3
6223,2.5
6224,-0.8
6225,-8.3
6226,1.7
6227,0.5
6228,-6.7
6229,0.6
6230,2.9
6231,-1.1
6232,2.1
6233,3.8
6234,-1.4
6235,7.4
6236,-1.6
6237,0.9
6238,-2.5
6239,3.4
6240,-1.2
6241,-6.8
6242,-0.9
6243,2.5
6244,-3.1
6245,-5.2
6246,6
6247,2.5
6248,7
6249,4.7
6250,4.7
6251,6.8
6252,-1.6
6253,2
6254,11.5
6255,3.2
6256,3.5
6257,-0.6
6258,6.5
6259,4.9
6260,4.4
6261,-1.6
6262,2.2
6263,0.7
6264,7.3
6265,-2.7
6266,-1.1
6267,7.2
6268,5.3
6269,-0.8
6270,-6.9
6271,-12
6272,2.5
6273,1.1
6274,-8.6
6275,-4.5
6276,5.9
6277,-1.3
6278,-0.3
6279,7.5
6280,0.8
6281,-2
6282,3.2
6283,-0.6
6284,1.5
6285,1
6286,1.8
6287,6.3
6288,5
6289,5.8
6290,1.7
6291,6.3
6292,-1.1
6293,5.9
6294,5
6295,-4.5
6296,3.9
6297,-5.1
6298,5
6299,-0.7
6300,3.6
6301,0
6302,-2.9
6303,-0.2
6304,-6.2
6305,3.2
6306,-1.9
6307,0.2
6308,-2.2
6309,0.1
6310,-0.8
6311,-0.3
6312,0.3
6313,-0.6
6314,-1.3
6315,7.2
6316,2.2
6317,3.2
6318,2.3
6319,-2.3
6320,-0.4
6321,-8.1
6322,1.6
6323,1.5
6324,5.2
6325,6.6
6326,0.2
6327,3
6328,-2.9
6329,6.1
6330,-1.5
6331,-3.5
6332,-1.4
6333,0.9
6334,0.1
6335,3.8
6336,-0.6
6337,2.6
6338,5.5
6339,-6.4
6340,3.9
6341,3.2
6342,4.8
6343,-6.7
6344,-0.3
6345,4.3
6346,-1.7
6347,4.9
6348,3.8
6349,-5.4
6350,0.8
6351,5.3
6352,-3
6353,-3.5
6354,2.1
6355,-1.6
6356,-0.9
6357,0.8
6358,4
6359,0.8
6360,-3.8
6361,3.9
6362,9.5
6363,2.9
6364,6.8
6365,6.5
6366,-2.4
6367,-0.8
6368,3.4
6369,3.7
6370,5.8
6371,-0.2
6372,3.1
6373,2.4
6374,1.8
6375,3.4
6376,-6
6377,4
6378,0.1
6379,-3
6380,-0.1
6381,6.5
6382,-5.2
6383,-6.9
6384,0.8
6385,-2.6
6386,7.7
6387,-0.2
6388,0
6389,-3
6390,-1.5
6391,-0.5
6392,5.7
6393,-2.1
6394,6.9
6395,-1.9
6396,3.3
6397,-3.4
6398,0.7
6399,-1.8
6400,9.2
6401,4.7
6402,5.1
6403,-3.3
6404,4.4
6405,2.9
6406,-0.6
6407,-0.5
6408,4.7
6409,-0.4
6410,-2.3
6411,15.2
6412,-1.9
6413,-4.1
6414,-6.7
6415,-2
6416,1.4
6417,-4.4
6418,-2.7
6419,-0.6
6420,-0.6
6421,-0.3
6422,-2.5
6423,2.7
6424,-10.3
6425,2.1
6426,-1.1
6427,4.9
6428,-0.5
6429,16
6430,-7.7
6431,6.9
6432,7.6
6433,-1.1
6434,-2.9
6435,-0.7
6436,-4.1
6437,2.1
6438,4.9
6439,1.4
6440,-3.2
6441,2.1
6442,3.2
6443,-4
6444,4.2
6445,2.8
6446,-3.5
6447,8.9
6448,5.7
6449,2.9
6450,4
6451,5.8
6452,-4.1
6453,3
6454,8.1
6455,4.3
6456,7.4
6457,4
6458,12.5
6459,2.1
6460,-1.4
6461,3.5
6462,3.3
6463,-3
6464,0.1
6465,5.4
6466,5.3
6467,1.3
6468,4.6
6469,5.2
6470,5.6
6471,-6.8
6472,6.3
6473,9.2
6474,-2.5
6475,2
6476,3.4
6477,7.6
6478,0.7
6479,5.6
6480,-3.1
6481,3.7
6482,3.6
6483,-6.8
6484,4.3
6485,3.5
6486,-3.5
6487,3.5
6488,4.8
6489,6.4
6490,2.4
6491,6.2
6492,-2.3
6493,4.7
6494,-0.9
6495,5.6
6496,2.2
6497,0.5
6498,3.4
6499,4
6500,3.5
6501,1.7
6502,5.1
6503,4
6504,0.4
6505,6.9
6506,4.5
6507,-1.2
6508,2
6509,4.5
6510,6.3
6511,-1.4
6512,3.7
6513,-2.4
6514,49.1
6515,7.5
6516,4.6
6517,0
6518,-0.3
6519,5.7
6520,3.6
6521,0.4
6522,-1.3
6523,12.6
6524,-8.4
6525,3.2
6526,0.7
6527,1.9
6528,0.3
6529,0.4
6530,3.2
6531,10.8
6532,-0.6
6533,5
6534,2.7
6535,0.7
6536,-4.5
6537,0.8
6538,9.2
6539,-0.6
6540,4.5
6541,5.2
6542,3.2
6543,4.5
6544,-4.5
6545,4.4
6546,-2.8
6547,3.1
6548,3.7
6549,1.7
6550,-0.1
6551,1.7
6552,-3.4
6553,4.6
6554,-1.6
6555,-1.4
6556,3.8
6557,-1
6558,-1.5
6559,1
6560,4.4
6561,-2.2
6562,5.7
6563,0.9
6564,-0.4
6565,1.1
6566,-12.4
6567,2.1
6568,1.9
6569,-4.6
6570,6.6
6571,11.1
6572,6.6
6573,-4
6574,8.8
6575,5.4
6576,5.5
6577,-12.6
6578,2.3
6579,2
6580,4.8
6581,2.5
6582,2.9
6583,-4.2
6584,6.1
6585,6.9
6586,-5.5
6587,0.9
6588,2.4
6589,-5.1
6590,4.9
6591,3.4
6592,-1.4
6593,2.5
6594,7.2
6595,5.3
6596,7.4
6597,3.7
6598,0.7
6599,-4.1
6600,0.6
6601,6.2
6602,-2.6
6603,0.5
6604,-3.7
6605,2.5
6606,1.4
6607,-0.4
6608,4.5
6609,3.7
6610,-5.8
6611,2
6612,-0.5
6613,-2.5
6614,-1.2
6615,4.3
6616,-4.2
6617,3.9
6618,3.9
6619,3.4
6620,4.9
6621,3.3
6622,3.3
6623,-5.3
6624,10.1
6625,5.3
6626,1
6627,0.5
6628,12.7
6629,2.6
6630,2.1
6631,-0.4
6632,-2.7
6633,1
6634,-7.7
6635,-2.9
6636,0.5
6637,1
6638,-3.4
6639,4.7
6640,3.6
6641,10.1
6642,1.1
6643,2.5
6644,0.7
6645,0.3
6646,4.8
6647,-1.5
6648,-0.7
6649,7.3
6650,6.2
6651,-3.8
6652,0.9
6653,-12.2
6654,6.1
6655,-1.8
6656,-0.6
6657,-5.5
6658,-3.2
6659,4.4
6660,3.2
6661,2.6
6662,0.4
6663,4
6664,-8.9
6665,3.7
6666,2.4
6667,-2.8
6668,4.3
6669,2.4
6670,7.3
6671,13
6672,4.3
6673,-2.2
6674,18.9
6675,2.8
6676,8.9
6677,2.6
6678,1.9
6679,4.2
6680,-4.6
6681,2.7
6682,1.4
6683,2.8
6684,1.9
6685,2.3
6686,5.2
6687,1.1
6688,-2.5
6689,3.1
6690,2.4
6691,-0.9
6692,4.6
6693,3.6
6694,6.2
6695,3.8
6696,-1
6697,-1.8
6698,0.8
6699,2.2
6700,-12
6701,-3.9
6702,3
6703,5.3
6704,6.5
6705,4.9
6706,3.9
6707,-1.2
6708,-1.7
6709,4
6710,6.8
6711,-2.8
6712,1.3
6713,1.8
6714,-0.5
6715,5.7
6716,-0.2
6717,4.5
6718,6.8
6719,-0.4
6720,6.4
6721,5.2
6722,5.3
6723,2.7
6724,-0.6
6725,3.2
6726,-10.7
6727,-2.1
6728,-0.1
6729,4
6730,-1.4
6731,2.5
6732,5.9
6733,1.1
6734,-0.1
6735,-4
6736,3.9
6737,6.4
6738,5.3
6739,2.1
6740,-0.6
6741,4.4
6742,1.6
6743,-2.4
6744,3.8
6745,7.6
6746,1.9
6747,-5
6748,6.3
6749,3.4
6750,-2
6751,-1.1
6752,7.1
6753,-0.3
6754,6.4
6755,-5.6
6756,4.1
6757,2.5
6758,5.7
6759,-3.7
6760,5.1
6761,8.8
6762,-3.2
6763,-0.6
6764,4.7
6765,1.5
6766,3
6767,-3.2
6768,-2.5
6769,2.7
6770,3.9
6771,3.2
6772,-5.5
6773,4.6
6774,4.6
6775,-2.3
6776,0.4
6777,6.2
6778,5.3
6779,3.1
6780,6.8
6781,5.5
6782,3.7
6783,1.8
6784,5.9
6785,3.8
6786,-8.6
6787,5.3
6788,4.5
6789,7.3
6790,-5.9
6791,10.9
6792,3.7
6793,4.3
6794,1.9
6795,9
6796,2.1
6797,-1.7
6798,0.7
6799,2
6800,-4.9
6801,-2.7
6802,1
6803,-4
6804,-1.7
6805,4.2
6806,-4.6
6807,-0.1
6808,0.4
6809,4.1
6810,-8
6811,-4
6812,3.5
6813,9.3
6814,4.5
6815,-2.7
6816,0
6817,4.7
6818,-4.5
6819,-2.5
6820,6.6
6821,-2.6
6822,3.5
6823,9.9
6824,5.6
6825,-0.4
6826,-4.3
6827,2.4
6828,1.8
6829,0.5
6830,4.7
6831,2.2
6832,0.1
6833,5.5
6834,6.6
6835,3.1
6836,3.3
6837,3.8
6838,-0.1
6839,4.8
6840,2.6
6841,9.4
6842,1.5
6843,3.7
6844,1.4
6845,0.9
6846,6.3
6847,5.5
6848,1
6849,8.3
6850,-0.8
6851,-6
6852,2.8
6853,6.1
6854,1.8
6855,3.1
6856,1.1
6857,6.4
6858,4
6859,-4.8
6860,4.8
6861,2
6862,3.5
6863,-1.3
6864,1.4
6865,4
6866,6.6
6867,2.8
6868,-4
6869,10.6
6870,0.5
6871,-0.6
6872,-3.2
6873,6.4
6874,6.4
6875,0.1
6876,1.4
6877,0.6
6878,1
6879,5
6880,2.9
6881,1.1
6882,-0.4
6883,5.7
6884,2.2
6885,4.5
6886,1.7
6887,-2
6888,8.8
6889,0.5
6890,39.5
6891,-2.5
6892,1.6
6893,0.1
6894,1.9
6895,7.7
6896,1.5
6897,2.7
6898,6
6899,6.8
6900,4.4
6901,1
6902,-6.4
6903,1.3
6904,2
6905,0.4
6906,-4.4
6907,4.9
6908,4.3
6909,5.4
6910,4.6
6911,-1.7
6912,2.5
6913,-2.2
6914,4.4
6915,7.6
6916,3.7
6917,5.8
6918,0.6
6919,-3
6920,2.4
6921,0
6922,1.3
6923,2.6
6924,8
6925,5.8
6926,2.6
6927,-1.6
6928,6.4
6929,6.3
6930,3.1
6931,2.5
6932,5.9
6933,5.3
6934,0.7
6935,3.7
6936,5
6937,0.5
6938,6.3
6939,2.2
6940,1
6941,1.8
6942,-3.8
6943,-1.2
6944,-1.7
6945,-2.8
6946,4.1
6947,-1.3
6948,-4.3
6949,3.7
6950,3.4
6951,-3.9
6952,3.6
6953,4.6
6954,4.7
6955,0.2
6956,-2.3
6957,8.4
6958,-5.8
6959,4.4
6960,5.8
6961,6.5
6962,1.8
6963,4.7
6964,1.9
6965,2.2
6966,-0.1
6967,3.7
6968,2.9
6969,-0.3
6970,7
6971,6.8
6972,4
6973,5
6974,3
6975,3
6976,3
6977,-1.1
6978,0.4
6979,3.9
6980,6.3
6981,2.7
6982,13.9
6983,-0.9
6984,2.6
6985,4.3
6986,-2
6987,15.1
6988,4.2
6989,4.4
6990,5.7
6991,3.2
6992,2.9
6993,-1.2
6994,-5.8
6995,-5.6
6996,4.9
6997,-3
6998,-0.6
6999,-0.4
7000,-0.8
7001,3.2
7002,-9.3
7003,2.1
7004,0.1
7005,-3.7
7006,-1.7
7007,5.1
7008,7.1
7009,5.6
7010,-3.4
7011,-0.4
7012,5.4
7013,4.7
7014,-0.8
7015,5.9
7016,-3.2
7017,3.4
7018,3.5
7019,6.1
7020,-0.9
7021,1.3
7022,2.5
7023,-0.2
7024,5.3
7025,4.7
7026,5.6
7027,5.3
7028,-3.3
7029,6.2
7030,-3.8
7031,3.2
7032,-3.5
7033,4.9
7034,-5.9
7035,1.7
7036,0.1
7037,-4
7038,2.5
7039,2.9
7040,9.3
7041,8.1
7042,5.9
7043,-4.7
7044,2.4
7045,4.4
7046,-1.2
7047,5.2
7048,7.8
7049,0.1
7050,-1.5
7051,-0.7
7052,5.1
7053,8.1
7054,-0.3
7055,6.3
7056,4.5
7057,2.8
7058,-4.8
7059,-1.6
7060,-0.3
7061,4.7
7062,5.9
7063,3.2
7064,3.5
7065,8.4
7066,5.5
7067,-3.7
7068,2.6
7069,6.9
7070,-0.6
7071,-1.9
7072,-0.8
7073,0.4
7074,1.8
7075,6.3
7076,5.4
7077,7.5
7078,5.9
7079,-2.5
7080,0.9
7081,-3.6
7082,-1.8
7083,2.9
7084,4.3
7085,5
7086,0.7
7087,-1.6
7088,-2.8
7089,-1.4
7090,-3.9
7091,1.1
7092,3.7
7093,-0.8
7094,4
7095,4.8
7096,7.3
7097,-1
7098,6.4
7099,-5.4
7100,3.2
7101,-2.5
7102,-0.1
7103,-0.6
7104,3.8
7105,1
7106,4.5
7107,6.1
7108,3
7109,-6.3
7110,4.8
7111,2
7112,8.8
7113,0.4
7114,1.9
7115,7.2
7116,-1.8
7117,17.4
7118,1.3
7119,-0.2
7120,-2.7
7121,2.9
7122,5
7123,-2.5
7124,4.8
7125,5
7126,3.7
7127,2.2
7128,2.5
7129,2
7130,3.8
7131,0.7
7132,0.7
7133,1.1
7134,3.7
7135,1.5
7136,4.3
7137,5
7138,1.4
7139,-0.2
7140,4.6
7141,-1.1
7142,-0.4
7143,6.3
7144,4.1
7145,-4.6
7146,5.5
7147,-8.9
7148,-1.3
7149,-2.1
7150,4.1
7151,3.3
7152,3.8
7153,-7.3
7154,-3.6
7155,4.3
7156,0.8
7157,9.8
7158,1.3
7159,3.2
7160,2.4
7161,5.2
7162,4
7163,0.2
7164,4.9
7165,-2.4
7166,15.4
7167,11.6
7168,5.7
7169,8.2
7170,-0.7
7171,-1.5
7172,3.1
7173,5.7
7174,2.8
7175,4.7
7176,-8.2
7177,0.1
7178,-6.6
7179,2.8
7180,3.1
7181,1.8
7182,0.8
7183,4.6
7184,4.6
7185,2.1
7186,6.6
7187,3.3
7188,4.7
7189,-7.9
7190,6
7191,-0.5
7192,1.3
7193,9.8
7194,3
7195,0.8
7196,6.9
7197,2.4
7198,-2
7199,2.9
7200,-6.5
7201,1.1
7202,0.1
7203,-0.7
7204,-6.8
7205,-5.7
7206,4.2
7207,1.9
7208,5.8
7209,-1.5
7210,-5.9
7211,-3.1
7212,0.3
7213,3
7214,4.6
7215,-3.6
7216,3.4
7217,4.3
7218,2
7219,-1.4
7220,-2
7221,3.7
7222,5.4
7223,1.9
7224,5.2
7225,-1.9
7226,4.9
7227,0.5
7228,1.5
7229,-6
7230,9.7
7231,0.7
7232,-7.4
7233,5.1
7234,5.8
7235,6.5
7236,-0.7
7237,3.6
7238,0.7
7239,-0.9
7240,-15
7241,-2.8
7242,5.1
7243,4.9
7244,5.9
7245,2.4
7246,6.8
7247,-1.1
7248,-0.5
7249,-3.9
7250,6.5
7251,-3.8
7252,1.9
7253,2.2
7254,2.2
7255,3.9
7256,7.3
7257,7.8
7258,-0.9
7259,-2.4
7260,5.3
7261,-2.2
7262,4.8
7263,-1.3
7264,8.9
7265,4.8
7266,7.5
7267,0.2
7268,5.6
7269,-4.3
7270,4.1
7271,2
7272,1.1
7273,-4
7274,4.8
7275,-2.5
7276,-0.9
7277,5.1
7278,7.6
7279,-1.7
7280,-8.1
7281,5.9
7282,2.5
7283,-1.1
7284,1.7
7285,1.6
7286,-0.1
7287,3.8
7288,-4.8
7289,-1.1
7290,8.7
7291,4.4
7292,2.7
7293,6.6
7294,3.6
7295,3.2
7296,0.7
7297,8
7298,5.1
7299,6.4
7300,1.9
7301,2.2
7302,1.9
7303,5.1
7304,3.5
7305,-3.7
7306,-2.5
7307,4.5
7308,1.2
7309,5.5
7310,1.6
7311,-1.4
7312,1.6
7313,1.1
7314,-2
7315,8.2
7316,4.5
7317,2.9
7318,1.5
7319,4.8
7320,7.1
7321,-2.3
7322,1.1
7323,6
7324,2.6
7325,-3.6
7326,1.6
7327,2.8
7328,1.9
7329,4
7330,4.8
7331,0.1
7332,5.3
7333,-1.1
7334,1
7335,7
7336,4.5
7337,-1.7
7338,-0.2
7339,2.2
7340,0.4
7341,3.6
7342,-6.8
7343,-1.2
7344,1.9
7345,5.1
7346,1.9
7347,-7.6
7348,3.5
7349,0.3
7350,-2.1
7351,0.6
7352,0.6
7353,-3.6
7354,6.5
7355,5.5
7356,1.5
7357,2
7358,5.7
7359,9.8
7360,1.5
7361,-1.1
7362,6
7363,6
7364,1.5
7365,-1.2
7366,2.4
7367,-2.4
7368,2.1
7369,-4
7370,-7.4
7371,3.6
7372,-1.1
7373,-1.7
7374,3.3
7375,3.4
7376,0.6
7377,1.6
7378,7.5
7379,3.6
7380,2.2
7381,3.9
7382,3.6
7383,3.6
7384,1.6
7385,-7.2
7386,1.9
7387,7.6
7388,4.4
7389,-2
7390,-2.5
7391,0.3
7392,3.8
7393,1
7394,7.5
7395,7.2
7396,-1.2
7397,-1.6
7398,-7.3
7399,1.2
7400,4
7401,0.7
7402,-0.6
7403,1.6
7404,8.9
7405,-0.6
7406,2.7
7407,4.2
7408,-3.4
7409,3.7
7410,-3.1
7411,-3.7
7412,3.2
7413,-2.5
7414,-3.3
7415,1.2
7416,-0.7
7417,-1.7
7418,11.4
7419,2.4
7420,-0.8
7421,-2.7
7422,0.8
7423,3.1
7424,2.9
7425,-6.3
7426,-0.7
7427,6.6
7428,-11.3
7429,1.6
7430,3.8
7431,6.3
7432,2.6
7433,0.7
7434,7
7435,0.1
7436,-2.9
7437,-1.8
7438,2.9
7439,1.9
7440,2.9
7441,2.7
7442,0.4
7443,0.9
7444,-4.5
7445,6.8
7446,-2.9
7447,-1.5
7448,4
7449,3.9
7450,5.1
7451,5.2
7452,1.3
7453,2.6
7454,1.2
7455,2.3
7456,1
7457,5.5
7458,3.3
7459,-4.9
7460,2.5
7461,-10.8
7462,-3
7463,4.8
7464,0.8
7465,-4.7
7466,4.1
7467,3.7
7468,-2.1
7469,1.8
7470,2.8
7471,-1.1
7472,7.2
7473,5.6
7474,7
7475,5.9
7476,6.4
7477,5.2
7478,1.5
7479,3.8
7480,-1.4
7481,0.3
7482,-2.1
7483,-4.3
7484,-1
7485,1.4
7486,2.4
7487,-5.9
7488,-3.4
7489,3.9
7490,5.3
7491,4.4
7492,0.6
7493,-3.1
7494,-4
7495,1.5
7496,3.9
7497,4.8
7498,4.8
7499,3.7
7500,5.3
7501,-1.6
7502,0.3
7503,3
7504,7.9
7505,-2.4
7506,5.9
7507,2.1
7508,2.3
7509,1.3
7510,-0.2
7511,5.9
7512,1.4
7513,1.4
7514,-4.8
7515,5.1
7516,-2.5
7517,-0.2
7518,7.6
7519,3.1
7520,-0.3
7521,4.6
7522,0.2
7523,-2.8
7524,5.3
7525,2.3
7526,2
7527,-2.1
7528,1.5
7529,-4.1
7530,0.4
7531,1.2
7532,1
7533,2.9
7534,3.7
7535,5.2
7536,2
7537,2.4
7538,6.7
7539,6.1
7540,2.3
7541,-4
7542,1.7
7543,-3.9
7544,-1.7
7545,4.4
7546,0.8
7547,-3.9
7548,-1.5
7549,-4.3
7550,4.7
7551,6.5
7552,3.1
7553,-4.7
7554,4
7555,-2.3
7556,-4.7
7557,4.8
7558,0.1
7559,0.5
7560,-6
7561,2.9
7562,10.6
7563,-1
7564,0
7565,-1.4
7566,2.8
7567,-2.9
7568,4.2
7569,-1.5
7570,-3.7
7571,-6.4
7572,2.9
7573,3.5
7574,4
7575,6.8
7576,5.3
7577,0.4
7578,6.2
7579,4.6
7580,-0.5
7581,-0.2
7582,-2.4
7583,-3.4
7584,1.4
7585,2.3
7586,-1.4
7587,3.3
7588,2
7589,12.9
7590,5.5
7591,6
7592,0.1
7593,2.6
7594,1.6
7595,-3.1
7596,-3.9
7597,4.5
7598,-2.3
7599,33.1
7600,-0.2
7601,-0.4
7602,5.2
7603,4.3
7604,2.7
7605,3.4
7606,1.3
7607,4.8
7608,-3.1
7609,-1.1
7610,3.4
7611,5.3
7612,-1.6
7613,0.1
7614,3.6
7615,3.3
7616,-5.1
7617,-3.2
7618,3.6
7619,0.1
7620,-4.7
7621,0
7622,2.8
7623,0.2
7624,0.8
7625,12.4
7626,-1.9
7627,0.4
7628,-0.3
7629,0.5
7630,-5
7631,5
7632,5.8
7633,-0.2
7634,4.6
7635,2.6
7636,2.8
7637,8
7638,1.5
7639,5
7640,0.8
7641,2.4
7642,0.7
7643,-3.4
7644,2.6
7645,0.8
7646,5.2
7647,12.5
7648,4.4
7649,-0.5
7650,-1.9
7651,1.9
7652,-3.6
7653,-9.4
7654,4.2
7655,10.2
7656,-1.5
7657,1.6
7658,-5.9
7659,3.2
7660,-2.8
7661,-5.9
7662,-0.3
7663,6.3
7664,0.1
7665,2.2
7666,0
7667,5.3
7668,-2.9
7669,0.9
7670,4.4
7671,0.6
7672,3.3
7673,2.4
7674,1
7675,4.3
7676,-2
7677,4.6
7678,-2.5
7679,0
7680,3.3
7681,-8.8
7682,1.6
7683,-6.6
7684,3.8
7685,4.8
7686,1.4
7687,4.6
7688,11.3
7689,1.4
7690,-1.4
7691,4.8
7692,-6.1
7693,1
7694,5.7
7695,13.3
7696,5.2
7697,2.2
7698,-2
7699,-0.2
7700,0.6
7701,4
7702,3.5
7703,9.5
7704,4.2
7705,5.7
7706,3.5
7707,-3.8
7708,2.8
7709,-0.4
7710,-2
7711,15.6
7712,4.9
7713,0.8
7714,1.2
7715,-0.6
7716,1.2
7717,7.9
7718,0
7719,-0.8
7720,1.6
7721,3.8
7722,-2.5
7723,-5.9
7724,0.8
7725,2.6
7726,4.4
7727,-6.8
7728,-7.8
7729,4.2
7730,-1.1
7731,-0.5
7732,2.9
7733,-0.7
7734,3.8
7735,7.8
7736,1.8
7737,-2
7738,2.2
7739,6.1
7740,-3.2
7741,-0.8
7742,2.2
7743,2.4
7744,4
7745,4.5
7746,1.3
7747,-3.9
7748,4.2
7749,4.2
7750,4.8
7751,6.6
7752,9.6
7753,3.6
7754,0.4
7755,5.3
7756,5.3
7757,3.3
7758,-0.1
7759,-1
7760,6.9
7761,-4.8
7762,3.9
7763,7.4
7764,2.6
7765,-2.8
7766,4.8
7767,3.4
7768,3.4
7769,2.8
7770,-1.2
7771,4.8
7772,1.6
7773,6.9
7774,-3.4
7775,8.3
7776,3.9
7777,5.2
7778,0.5
7779,2.5
7780,0
7781,0.2
7782,3.8
7783,3.2
7784,7.6
7785,4.3
7786,5.4
7787,0.1
7788,6.9
7789,4.5
7790,19.9
7791,-4.4
7792,-4.2
7793,-5.8
7794,-6.3
7795,1.5
7796,3
7797,-1.6
7798,4
7799,7.7
7800,3.2
7801,4
7802,4.8
7803,1
7804,-1.8
7805,1.2
7806,4.3
7807,1.2
7808,-2.4
7809,1.9
7810,2.8
7811,-3.8
7812,0.9
7813,-1.3
7814,5.2
7815,-5.5
7816,5.4
7817,-6.8
7818,3.5
7819,2.3
7820,-3.3
7821,0.6
7822,-0.4
7823,-4.1
7824,-3.5
7825,-2.5
7826,-7.6
7827,-0.6
7828,2.2
7829,4.2
7830,3.2
7831,1.3
7832,-2.5
7833,0.5
7834,-5.1
7835,6.7
7836,-0.9
7837,-2.3
7838,0.1
7839,0.4
7840,2.8
7841,4.6
7842,1.1
7843,5.1
7844,1.6
7845,3.9
7846,9.4
7847,-0.1
7848,-1.7
7849,3.1
7850,2.4
7851,-1.6
7852,5.2
7853,-1.5
7854,2.9
7855,-8.4
7856,-0.8
7857,2.8
7858,-4.7
7859,0.1
7860,4.5
7861,5.3
7862,-3.4
7863,0.3
7864,8.6
7865,0.3
7866,1.6
7867,1.1
7868,4.2
7869,2
7870,0.7
7871,5.2
7872,1.5
7873,-0.2
7874,-0.7
7875,0.7
7876,-1.1
7877,7.1
7878,-2.4
7879,5
7880,3.5
7881,4.7
7882,-6.9
7883,-6.5
7884,0.6
7885,-6.9
7886,10
7887,12.1
7888,2.6
7889,-1.2
7890,-3.1
7891,4.5
7892,2.4
7893,-5.9
7894,4.5
7895,2.4
7896,0.9
7897,4.5
7898,8.4
7899,2.3
7900,0.8
7901,1.9
7902,-2.3
7903,4.4
7904,-0.3
7905,4.4
7906,-2.9
7907,2.4
7908,0.5
7909,-1.8
7910,1.8
7911,6.6
7912,8.6
7913,3
7914,-0.6
7915,-0.5
7916,2.9
7917,-5.2
7918,2.1
7919,0.5
7920,-2.5
7921,4.9
7922,4.8
7923,1.7
7924,-4.6
7925,2.1
7926,4.3
7927,10.9
7928,4.5
7929,0.3
7930,-5.1
7931,5.1
7932,5.7
7933,3.6
7934,4.9
7935,5.1
7936,-0.9
7937,-0.2
7938,0.7
7939,-0.3
7940,7.5
7941,5.1
7942,-3
7943,-2.5
7944,2.5
7945,-4.1
7946,3.9
7947,1.1
7948,3.4
7949,8.2
7950,4.2
7951,-1.9
7952,0.2
7953,3.9
7954,3.2
7955,8.3
7956,4
7957,0
7958,3.8
7959,0
7960,1.1
7961,4.4
7962,9.9
7963,-0.8
7964,7.2
7965,2.4
7966,10.8
7967,-1.7
7968,-0.4
7969,-4.8
7970,-2.5
7971,5.6
7972,0
7973,0.6
7974,8.8
7975,6
7976,-0.3
7977,5.4
7978,-0.4
7979,3.9
7980,-0.2
7981,-1.4
7982,5.1
7983,-0.6
7984,4.5
7985,3.9
7986,-1.7
7987,4.9
7988,6.8
7989,4.1
7990,3.4
7991,3.5
7992,6.6
7993,2
7994,6.4
7995,0.5
7996,0.1
7997,3.9
7998,-2.4
7999,0
8000,-0.4
8001,5
8002,-3.2
8003,-2.3
8004,4.8
8005,-2.4
8006,6.7
8007,4.1
8008,4
8009,1.5
8010,-12.6
8011,6.7
8012,7.4
8013,8.3
8014,4.5
8015,-4.4
8016,-3.2
8017,-1.4
8018,-3.5
8019,2
8020,-0.9
8021,1.4
8022,2.6
8023,1
8024,-3.9
8025,4.7
8026,1.8
8027,2.6
8028,5.3
8029,-0.9
8030,2.2
8031,-1
8032,6.4
8033,-1.7
8034,6
8035,-0.3
8036,1.5
8037,-9.4
8038,2.9
8039,1.5
8040,-0.7
8041,3.2
8042,2
8043,4.2
8044,1.4
8045,-10.8
8046,3.5
8047,1.3
8048,6.5
8049,-3.4
8050,4.7
8051,4
8052,-2.1
8053,-2.2
8054,-1.1
8055,0.1
8056,6.3
8057,3
8058,2.3
8059,-0.8
8060,7.7
8061,3
8062,-3.8
8063,0.8
8064,3.5
8065,5.4
8066,3.3
8067,-3.5
8068,-5.1
8069,50.2
8070,-0.3
8071,1.9
8072,3.8
8073,3.1
8074,-6.5
8075,4.7
8076,-8.3
8077,3.5
8078,5.7
8079,4
8080,1.3
8081,1.2
8082,-4.7
8083,4.3
8084,2.8
8085,3.4
8086,2.1
8087,0.9
8088,1.4
8089,2.9
8090,2
8091,5.7
8092,4.3
8093,-0.5
8094,3.5
8095,3.4
8096,-1
8097,4.3
8098,4.5
8099,1.3
8100,1.9
8101,-2.3
8102,6
8103,3.8
8104,4.2
8105,-2.3
8106,-0.4
8107,2.2
8108,5.7
8109,0.3
8110,0.8
8111,-5.6
8112,11.8
8113,-1
8114,-1.2
8115,4.3
8116,4.1
8117,-0.8
8118,2.5
8119,2.2
8120,-4.1
8121,6
8122,5.5
8123,-3.9
8124,1.8
8125,4.1
8126,-2.6
8127,3.6
8128,-1
8129,-0.8
8130,5.5
8131,-1.5
8132,5.1
8133,-4.7
8134,0.3
8135,7.3
8136,-1.3
8137,8.5
8138,-5
8139,1.1
8140,2.6
8141,3.1
8142,2.4
8143,2.9
8144,6.6
8145,0.9
8146,3.5
8147,3.8
8148,4.2
8149,1.3
8150,0
8151,6.2
8152,5.5
8153,6.8
8154,-0.4
8155,0.8
8156,6.2
8157,-2
8158,6
8159,-1.9
8160,2.9
8161,-2.4
8162,2.8
8163,-6.5
8164,0.1
8165,-0.4
8166,-2.1
8167,1.8
8168,4.2
8169,-2
8170,6
8171,-1.6
8172,3.5
8173,6.8
8174,0.5
8175,-4.2
8176,4.2
8177,-6.2
8178,-3.4
8179,0.4
8180,-0.2
8181,2
8182,0.5
8183,-0.4
8184,5.3
8185,5.1
8186,0.9
8187,-4.7
8188,7.8
8189,7.6
8190,2.8
8191,1.2
8192,1.1
8193,8.3
8194,-3.6
8195,3.5
8196,-1.1
8197,4.7
8198,-2
8199,-1.3
8200,2.2
8201,0.9
8202,3
8203,-4.6
8204,4.2
8205,9.6
8206,1.7
8207,7.9
8208,4.1
8209,0.8
8210,6
8211,-0.2
8212,6.7
8213,5.1
8214,-3
8215,-1.7
8216,0.6
8217,-3.4
8218,0.2
8219,2.9
8220,-2
8221,2.2
8222,-1
8223,-13.7
8224,1.9
8225,1.5
8226,6
8227,5.3
8228,1.3
8229,5.1
8230,-2.9
8231,0.8
8232,0
8233,6.2
8234,-2.6
8235,3.2
8236,-2.7
8237,3.4
8238,0
8239,-6.2
8240,1.8
8241,-6.5
8242,-1.4
8243,2.1
8244,2.1
8245,-0.2
8246,-5.1
8247,4
8248,-1.5
8249,-13.4
8250,-3.2
8251,-0.4
8252,1.4
8253,0.8
8254,5.1
8255,-1.4
8256,-3.1
8257,11.3
8258,5.4
8259,-7.4
8260,4
8261,7
8262,-2.6
8263,-5.8
8264,4.9
8265,4.6
8266,-0.3
8267,1.4
8268,3.6
8269,-2
8270,-1.7
8271,0.4
8272,1.6
8273,-4.4
8274,1.7
8275,3.4
8276,0.1
8277,1.5
8278,-4.2
8279,1.8
8280,1.9
8281,0.3
8282,5.1
8283,6.7
8284,-3.9
8285,5.6
8286,9.8
8287,0.3
8288,5
8289,7.3
8290,4.4
8291,4.1
8292,4.4
8293,4.6
8294,3.1
8295,7.4
8296,5.1
8297,1.4
8298,-0.4
8299,2.5
8300,3.6
8301,8.3
8302,-0.3
8303,1.2
8304,8.3
8305,2.8
8306,-0.9
8307,5.4
8308,0.9
8309,6.6
8310,1.4
8311,5
8312,4.5
8313,2.5
8314,5.3
8315,3.2
8316,-1.1
8317,4.3
8318,-0.2
8319,-0.6
8320,-0.6
8321,5.2
8322,5.2
8323,-0.8
8324,2
8325,1.8
8326,6.8
8327,2.2
8328,-1.9
8329,2
8330,-0.8
8331,1.3
8332,3.5
8333,-1.6
8334,1.5
8335,11.6
8336,6.8
8337,5.5
8338,0.5
8339,2.3
8340,3.8
8341,2.4
8342,-8.6
8343,7.2
8344,1.3
8345,-3.1
8346,-1.8
8347,9.1
8348,2.9
8349,-2.2
8350,-0.4
8351,-2.7
8352,6.1
8353,2.6
8354,-0.3
8355,2.3
8356,7.9
8357,-1.4
8358,-0.9
8359,-1
8360,-3
8361,-4.3
8362,6.1
8363,0.4
8364,-1
8365,-0.6
8366,3.3
8367,3.6
8368,-0.5
8369,1.5
8370,7.3
8371,3.3
8372,5.2
8373,3.1
8374,-0.6
8375,3.4
8376,0.3
8377,-1.4
8378,-8.2
8379,1.5
8380,3.9
8381,13.9
8382,3.8
8383,-1.5
8384,2
8385,9.9
8386,2.5
8387,1.4
8388,3
8389,6.5
8390,6.8
8391,3.1
8392,-3.9
8393,3.6
8394,6.3
8395,7.2
8396,-0.3
8397,1.5
8398,-0.8
8399,-1.5
8400,-1.3
8401,8.8
8402,-4.7
8403,-2.2
8404,3.4
8405,-3.1
8406,4.8
8407,1
8408,7.9
8409,-0.4
8410,-1.4
8411,5.3
8412,6.1
8413,-2.8
8414,3.3
8415,1.3
8416,3.5
8417,2.2
8418,0.9
8419,2.9
8420,5.6
8421,-2.4
8422,6.5
8423,0
8424,4.6
8425,7.7
8426,-0.5
8427,-1.7
8428,2.3
8429,-1.3
8430,0.4
8431,1.2
8432,-3.5
8433,-5.4
8434,-0.2
8435,1.7
8436,2.4
8437,-1.7
8438,12.4
8439,1.6
8440,3.5
8441,-0.5
8442,-3.8
8443,2.2
8444,4.2
8445,1.2
8446,0
8447,1.4
8448,0.5
8449,-1.9
8450,4
8451,3.4
8452,3.1
8453,6.9
8454,-12.8
8455,4.7
8456,-3.9
8457,1.4
8458,-2.3
8459,3.3
8460,1.6
8461,-0.9
8462,-12.2
8463,-3.5
8464,3.6
8465,-5.1
8466,0.5
8467,2.8
8468,-2.9
8469,2.6
8470,0
8471,-1.4
8472,4.4
8473,-0.6
8474,5.6
8475,2.3
8476,-2.3
8477,-1.6
8478,9.8
8479,0.6
8480,-4.4
8481,-7.1
8482,-3.4
8483,5.3
8484,21.2
8485,0.2
8486,-4.6
8487,4.2
8488,0.6
8489,4.2
8490,4.4
8491,2.9
8492,-3.6
8493,-1
8494,5
8495,3.3
8496,-4.4
8497,4.4
8498,2.7
8499,6.8
8500,-2.3
8501,1.7
8502,6.1
8503,2
8504,1.8
8505,-6.9
8506,1
8507,0.8
8508,2.7
8509,-0.8
8510,4.1
8511,-7.8
8512,1.9
8513,5.5
8514,-2.7
8515,3.2
8516,1.2
8517,-1.1
8518,-6.6
8519,-3.8
8520,-3.5
8521,-5.1
8522,-0.8
8523,3.9
8524,-2.5
8525,-10.9
8526,0.7
8527,0.7
8528,4.4
8529,-0.8
8530,3.1
8531,2.6
8532,7.8
8533,-1.3
8534,-2
8535,-7
8536,2.2
8537,6.5
8538,-3.5
8539,0.3
8540,-1.7
8541,-2.7
8542,-10.1
8543,1.5
8544,-6.8
8545,2.9
8546,5.6
8547,5.7
8548,-4.9
8549,5.4
8550,4
8551,5
8552,-2.9
8553,0.3
8554,-3.4
8555,6.9
8556,3.1
8557,4.6
8558,3.7
8559,4.2
8560,-7
8561,7.5
8562,4.2
8563,3.4
8564,2.2
8565,0.4
8566,-10.1
8567,1.3
8568,4.7
8569,2
8570,-4.9
8571,0.4
8572,0.7
8573,5.2
8574,0.5
8575,-1.8
8576,0.1
8577,7.4
8578,0.9
8579,-0.1
8580,-1.1
8581,2.9
8582,10.3
8583,0.1
8584,-0.4
8585,5.2
8586,0.6
8587,4.5
8588,-2.4
8589,0.9
8590,5.1
8591,-0.8
8592,8.5
8593,-4.2
8594,2.1
8595,-1.6
8596,0.7
8597,4.7
8598,0.8
8599,3.2
8600,7.8
8601,0.5
8602,2.4
8603,3.5
8604,-2.5
8605,8
8606,-1.8
8607,-6.9
8608,2.5
8609,2.8
8610,3.2
8611,-1.8
8612,-1.1
8613,7.7
8614,-1.6
8615,-8.6
8616,-2.2
8617,0.3
8618,4.7
8619,4
8620,0.4
8621,1.8
8622,4.2
8623,1.4
8624,2.8
8625,5.2
8626,1
8627,2.3
8628,5.6
8629,3.5
8630,1.1
8631,1.7
8632,0.4
8633,-0.9
8634,5.1
8635,3.3
8636,-0.6
8637,2.3
8638,2.9
8639,6.7
8640,2.9
8641,4.8
8642,3
8643,3.4
8644,1.1
8645,0.8
8646,-2.4
8647,-4.1
8648,-0.7
8649,11.6
8650,3.2
8651,2.7
8652,-2.3
8653,-0.3
8654,4.2
8655,4.2
8656,5.5
8657,5.2
8658,2.7
8659,-1.3
8660,1.8
8661,4.6
8662,-1.5
8663,3.5
8664,-4.6
8665,-2.4
8666,3.1
8667,7.4
8668,5.8
8669,6.1
8670,-0.2
8671,1.1
8672,-6.2
8673,-1.1
8674,5.5
8675,4
8676,6.2
8677,4.8
8678,2.4
8679,-0.3
8680,4.8
8681,-0.5
8682,6.3
8683,5.6
8684,-8.7
8685,2.5
8686,4.3
8687,1.1
8688,-1.5
8689,-3.8
8690,-1.9
8691,4.2
8692,5.3
8693,4.3
8694,6.6
8695,2.8
8696,2
8697,0.8
8698,-0.9
8699,6.3
8700,-1.2
8701,7.7
8702,0.4
8703,3
8704,1.1
8705,0.4
8706,2.2
8707,4.8
8708,4.3
8709,2.7
8710,6.7
8711,9.6
8712,6.2
8713,11.3
8714,-0.3
8715,-4
8716,2.6
8717,1.4
8718,0.6
8719,4.7
8720,0.4
8721,1.1
8722,-2
8723,2.6
8724,5.3
8725,7.6
8726,-2.7
8727,-5.4
8728,4.5
8729,0
8730,-1.9
8731,3
8732,-1.4
8733,-0.4
8734,6.9
8735,2.3
8736,5.1
8737,1.4
8738,2.4
8739,-5.5
8740,-1.1
8741,3
8742,-0.1
8743,2.4
8744,5.5
8745,5.6
8746,-0.5
8747,0.7
8748,8.5
8749,5.2
8750,-0.8
8751,1.9
8752,-2.5
8753,-0.5
8754,-2.4
8755,2.8
8756,1.3
8757,4.1
8758,3.4
8759,-0.1
8760,0.1
8761,2.8
8762,4.4
8763,-4.3
8764,2.9
8765,6.8
8766,1.8
8767,7.1
8768,1.7
8769,3.2
8770,1.6
8771,4.7
8772,0.1
8773,-1.2
8774,10.6
8775,1.5
8776,3.1
8777,-2.6
8778,3.6
8779,-4.8
8780,0
8781,2.5
8782,-0.4
8783,5
8784,-2.7
8785,6.9
8786,2.5
8787,-2.7
8788,2.4
8789,-3.8
8790,-0.3
8791,-0.4
8792,5
8793,-1.4
8794,1.6
8795,-1.2
8796,5
8797,7.5
8798,6.8
8799,0.8
8800,3.9
8801,6.7
8802,6.1
8803,4.2
8804,-2.3
8805,3
8806,4.2
8807,4.3
8808,3.8
8809,-0.7
8810,2
8811,4.1
8812,6.4
8813,3.9
8814,-3
8815,10.4
8816,-1.9
8817,5.8
8818,2.2
8819,2.5
8820,-0.1
8821,1.3
8822,3.4
8823,7.1
8824,6.3
8825,4.6
8826,4.1
8827,6
8828,-0.6
8829,0.5
8830,4.5
8831,4.2
8832,5.4
8833,-2.9
8834,0
8835,3.6
8836,-1.3
8837,2.9
8838,1.7
8839,5.2
8840,6.2
8841,0.6
8842,4.5
8843,-0.4
8844,-0.6
8845,5
8846,6
8847,-1.3
8848,-2.8
8849,-7.6
8850,2.1
8851,-3.4
8852,86.4
8853,5.9
8854,3.7
8855,1.8
8856,4.7
8857,1.7
8858,-2.8
8859,-0.4
8860,-2.6
8861,4.6
8862,-0.2
8863,-0.4
8864,-2.8
8865,2.5
8866,2.1
8867,1.3
8868,6.1
8869,1
8870,-0.6
8871,6.9
8872,-7.5
8873,5.3
8874,1.9
8875,-0.1
8876,-6.7
8877,5.8
8878,-3
8879,7.1
8880,-1.7
8881,4.9
8882,5.5
8883,4.1
8884,-3.1
8885,-0.1
8886,9.6
8887,3.2
8888,4.5
8889,-1.8
8890,-2.7
8891,-1.3
8892,1.4
8893,12.9
8894,-4.2
8895,-3.2
8896,-1.4
8897,10.5
8898,-2.4
8899,8.4
8900,0.9
8901,2.4
8902,6.2
8903,0
8904,6.4
8905,-1.6
8906,0.8
8907,-2.4
8908,3
8909,0.1
8910,3.5
8911,4.9
8912,2.4
8913,4.4
8914,-1.3
8915,0.2
8916,2.3
8917,-1.1
8918,4.2
8919,4.5
8920,1.1
8921,2.2
8922,4.2
8923,-1.2
8924,-1.3
8925,0.5
8926,8.6
8927,4.1
8928,3.5
8929,-4.3
8930,4.3
8931,2.5
8932,-1
8933,3.8
8934,1
8935,6.9
8936,2.8
8937,3.8
8938,-1
8939,10.4
8940,1
8941,69
8942,4
8943,2.9
8944,10.8
8945,6.7
8946,4.2
8947,-4.9
8948,-0.5
8949,-0.7
8950,6.4
8951,0.1
8952,3
8953,1.6
8954,-5.5
8955,6.9
8956,4.3
8957,1.2
8958,1.5
8959,3.3
8960,3.8
8961,-2
8962,5.7
8963,7
8964,1.9
8965,4.8
8966,-1.7
8967,-4.9
8968,-1.3
8969,-1.3
8970,2.1
8971,3.6
8972,-2.3
8973,-4.7
8974,4.9
8975,-1.9
8976,5.4
8977,2.9
8978,1.2
8979,-3.7
8980,3.6
8981,8.4
8982,3.3
8983,3.3
8984,0.6
8985,1.6
8986,-1.4
8987,-4.9
8988,1.8
8989,8
8990,-0.3
8991,2.8
8992,4.6
8993,4.4
8994,5.4
8995,3.3
8996,-4.9
8997,6
8998,3.4
8999,6.5
9000,38.2
9001,0.7
9002,0.9
9003,9.7
9004,-4.8
9005,-1.1
9006,-4
9007,4.8
9008,3.7
9009,-5.3
9010,-3.6
9011,6.7
9012,7.4
9013,3.3
9014,-2.2
9015,4.9
9016,-3.9
9017,0.2
9018,1.6
9019,4.2
9020,3.3
9021,-8.3
9022,4.6
9023,-1.7
9024,1.6
9025,8.7
9026,-2.6
9027,1.7
9028,4.6
9029,3.6
9030,2.5
9031,0.4
9032,5.2
9033,4
9034,9.2
9035,13.3
9036,0.8
9037,5.3
9038,4.5
9039,0.2
9040,3.5
9041,1.6
9042,1.4
9043,1
9044,2.4
9045,4.1
9046,-0.6
9047,1.7
9048,-0.5
9049,-4
9050,7.3
9051,-7.3
9052,3.7
9053,3.8
9054,4.3
9055,-1.5
9056,0.3
9057,0.3
9058,4
9059,0.4
9060,2.2
9061,-3.5
9062,4.3
9063,-0.4
9064,2.1
9065,-2
9066,0.4
9067,-1.5
9068,-3.9
9069,3.5
9070,7.5
9071,-1.7
9072,0.9
9073,3.3
9074,5.2
9075,-6.5
9076,-1.6
9077,1
9078,7.5
9079,-1.4
9080,2
9081,5
9082,-1.2
9083,0.7
9084,-8.9
9085,5.1
9086,2.5
9087,1.8
9088,4.1
9089,5.4
9090,8.4
9091,2.7
9092,7.6
9093,-0.4
9094,4.7
9095,0
9096,2
9097,4.1
9098,6.4
9099,4.1
9100,-8
9101,-0.7
9102,1.7
9103,-2
9104,1.8
9105,-0.6
9106,2.4
9107,-15.2
9108,5.9
9109,15.8
9110,2.2
9111,3.2
9112,-1.3
9113,4.1
9114,1.1
9115,1.1
9116,4.8
9117,0
9118,6.8
9119,-4.3
9120,6.3
9121,8.5
9122,-1.3
9123,-0.3
9124,6.2
9125,0.1
9126,4.4
9127,-2.1
9128,4.4
9129,-0.2
9130,-0.6
9131,5.2
9132,4.1
9133,0.5
9134,0.9
9135,6.7
9136,1.8
9137,-2
9138,1.1
9139,-24.2
9140,-6.2
9141,2.8
9142,-0.7
9143,-3.9
9144,-3.9
9145,-2
9146,2.9
9147,6.8
9148,-10.4
9149,2.9
9150,-7.8
9151,0.3
9152,2.9
9153,6.7
9154,3.9
9155,0.7
9156,2.4
9157,5.3
9158,-2.1
9159,6.6
9160,-3.2
9161,7.3
9162,5.7
9163,1.9
9164,5.7
9165,-4
9166,3
9167,2.1
9168,4
9169,-3
9170,7.8
9171,3.8
9172,3.1
9173,2
9174,-0.2
9175,6.6
9176,4.1
9177,0.3
9178,0.3
9179,-3.9
9180,-0.3
9181,-4.6
9182,5.4
9183,0.5
9184,2.4
9185,5.5
9186,0.3
9187,-3.4
9188,3.4
9189,-7.4
9190,-3.7
9191,1.7
9192,-2.7
9193,0.3
9194,3.8
9195,0.6
9196,6.2
9197,-3.1
9198,10.4
9199,-5.6
9200,1.9
9201,5.7
9202,0.8
9203,-0.1
9204,-9.5
9205,-1.6
9206,1.6
9207,7.7
9208,7.4
9209,2
9210,4.1
9211,2.8
9212,-3.5
9213,4.3
9214,-0.1
9215,-3.9
9216,11
9217,-1
9218,3.4
9219,6.7
9220,-7.4
9221,-1.5
9222,0.3
9223,3
9224,2.2
9225,-1.1
9226,6.8
9227,-0.7
9228,-1.8
9229,2.4
9230,4.6
9231,1.6
9232,-1.2
9233,3.1
9234,0
9235,2
9236,4.2
9237,4.8
9238,5.8
9239,0.6
9240,-9.2
9241,5.3
9242,-3
9243,-1.8
9244,-7
9245,2.7
9246,-5.5
9247,6.8
9248,-0.9
9249,4.9
9250,5.2
9251,5.2
9252,7.8
9253,4.7
9254,2
9255,1
9256,0.2
9257,0.7
9258,2.3
9259,-1.2
9260,-3.7
9261,5.7
9262,1.1
9263,5.2
9264,8.3
9265,-0.2
9266,4.2
9267,3
9268,2.8
9269,-0.3
9270,-0.7
9271,7.4
9272,1.3
9273,5.6
9274,3.6
9275,-3.7
9276,-1.5
9277,5.5
9278,1.8
9279,2.2
9280,-1.1
9281,-17.2
9282,8.3
9283,-0.2
9284,3.4
9285,-1.6
9286,4.1
9287,3.1
9288,0.9
9289,-1.6
9290,6.1
9291,-1.8
9292,3.5
9293,1.2
9294,3.5
9295,-0.2
9296,1.2
9297,-4
9298,2.3
9299,2
9300,4.6
9301,2.8
9302,4.8
9303,0.5
9304,-0.6
9305,1.5
9306,1.8
9307,1.3
9308,7.9
9309,1.7
9310,1.3
9311,3.9
9312,6
9313,6.4
9314,2.5
9315,0.9
9316,0.5
9317,6
9318,1.5
9319,4.5
9320,3.5
9321,0.3
9322,-0.1
9323,-2.1
9324,1.4
9325,-0.3
9326,2.7
9327,-3.1
9328,12
9329,-1.3
9330,8.7
9331,6.7
9332,4.8
9333,3.2
9334,-1
9335,4.3
9336,2.5
9337,5.7
9338,2.5
9339,9.8
9340,3.9
9341,1.4
9342,-1
9343,-3.6
9344,5.5
9345,-2.4
9346,3.5
9347,-12.9
9348,0.2
9349,-3.6
9350,-0.7
9351,-0.5
9352,6.1
9353,-2.9
9354,-1.1
9355,3.7
9356,-1.7
9357,2.8
9358,-2.4
9359,4.5
9360,-1
9361,-1.8
9362,-2.2
9363,4.2
9364,2
9365,6.6
9366,1.8
9367,3
9368,11.1
9369,-0.7
9370,2.5
9371,1.6
9372,4
9373,1.3
9374,-3
9375,-4.7
9376,1.9
9377,-3.6
9378,7.9
9379,-0.3
9380,8.8
9381,-1.4
9382,6.7
9383,5.8
9384,-0.6
9385,5.4
9386,5.5
9387,4.3
9388,5.7
9389,-1.3
9390,2.4
9391,1.2
9392,-1.4
9393,3.5
9394,2.5
9395,0.3
9396,3.4
9397,7
9398,1.1
9399,-6.2
9400,4.8
9401,4
9402,-6.8
9403,1.6
9404,-1.3
9405,6.6
9406,4.2
9407,3.9
9408,14.1
9409,5.4
9410,-4.5
9411,2.8
9412,4
9413,0.4
9414,2.3
9415,-0.8
9416,4.9
9417,-5.4
9418,0.3
9419,-1.9
9420,-1
9421,9
9422,-0.7
9423,4.9
9424,3.9
9425,-4.5
9426,-3.2
9427,4
9428,3.2
9429,6.2
9430,-5.7
9431,3
9432,-3.9
9433,3.5
9434,-1
9435,2.6
9436,7.8
9437,1
9438,1.2
9439,3.8
9440,1.8
9441,4
9442,2.4
9443,-0.9
9444,-8
9445,-1.8
9446,3.5
9447,-1.2
9448,4.5
9449,0.1
9450,5.5
9451,-1.1
9452,-4.6
9453,3.3
9454,4.1
9455,-1.2
9456,0.7
9457,3.5
9458,6
9459,1.3
9460,-5.5
9461,-1.1
9462,4.2
9463,-2.7
9464,4
9465,0.1
9466,-3.5
9467,-6.8
9468,0.3
9469,-0.8
9470,1.9
9471,5.8
9472,1.2
9473,4.8
9474,4.4
9475,-2.9
9476,8
9477,6.7
9478,-0.6
9479,-0.4
9480,-1.7
9481,1.9
9482,-2.5
9483,0.6
9484,0.6
9485,-4.2
9486,-1.3
9487,-3.6
9488,7.5
9489,5.8
9490,2.5
9491,2.3
9492,3.2
9493,3.5
9494,-3.5
9495,-1.5
9496,3.3
9497,-5.8
9498,0
9499,3
9500,-4
9501,-7.7
9502,4.5
9503,9.8
9504,2.9
9505,-0.4
9506,4.2
9507,6.9
9508,0.9
9509,3.5
9510,4.2
9511,6
9512,-3.6
9513,1.2
9514,0.3
9515,-1.8
9516,-1
9517,6.8
9518,4.2
9519,7
9520,-3.7
9521,5.3
9522,-1.1
9523,-1
9524,-0.4
9525,0.9
9526,1.6
9527,0.9
9528,1.1
9529,1
9530,2
9531,1.3
9532,-10.7
9533,2.5
9534,5.5
9535,7.6
9536,1.1
9537,2.8
9538,0.8
9539,0.4
9540,-1.8
9541,-2.6
9542,5
9543,-19.9
9544,2.4
9545,-4.3
9546,4.6
9547,3.8
9548,3
9549,6.4
9550,3
9551,-7.3
9552,-1.3
9553,3.4
9554,3.4
9555,3
9556,3.6
9557,3.1
9558,-1.3
9559,5.4
9560,5.3
9561,-5.7
9562,24.9
9563,4.4
9564,-0.4
9565,-3.4
9566,0.9
9567,0.1
9568,7.9
9569,1.4
9570,2.6
9571,3.4
9572,3.4
9573,5.7
9574,5.7
9575,4.6
9576,-1.6
9577,1.7
9578,8.5
9579,-1
9580,1.1
9581,-2.5
9582,-0.3
9583,5.8
9584,1.7
9585,2.5
9586,13.4
9587,6.6
9588,-8.8
9589,9.2
9590,0.1
9591,-1
9592,-4.3
9593,-0.3
9594,-2.7
9595,7.6
9596,4.9
9597,5.5
9598,-3.7
9599,-0.3
9600,0
9601,0.6
9602,-0.2
9603,-0.1
9604,2.3
9605,5.7
9606,-1.6
9607,-0.1
9608,2.4
9609,5.6
9610,-6.6
9611,6.7
9612,5.6
9613,2.9
9614,-2
9615,7.5
9616,1.8
9617,-6.2
9618,1.3
9619,-1.2
9620,2.2
9621,1.5
9622,-2.1
9623,4.8
9624,-3.3
9625,3.8
9626,-0.1
9627,3.2
9628,-13.9
9629,-2.8
9630,0.6
9631,3.3
9632,0.6
9633,2
9634,6.5
9635,7
9636,-0.9
9637,4.7
9638,-9.8
9639,2.4
9640,-3.2
9641,3.5
9642,6.2
9643,-0.1
9644,4.2
9645,-2.2
9646,5.8
9647,6.7
9648,3.5
9649,-6.8
9650,1.3
9651,-0.4
9652,10.4
9653,1
9654,5.1
9655,-0.8
9656,1.6
9657,-0.5
9658,3.5
9659,8.4
9660,7
9661,7.8
9662,4.1
9663,-5.2
9664,-1.8
9665,5.4
9666,-3.7
9667,4.7
9668,-1.1
9669,3
9670,1.8
9671,10.4
9672,-0.8
9673,3.8
9674,4.8
9675,-2.3
9676,6.4
9677,-5.5
9678,0.5
9679,-7.5
9680,2.6
9681,1.2
9682,-3.9
9683,0.9
9684,7.8
9685,-1.8
9686,-0.9
9687,-0.1
9688,7
9689,-0.4
9690,3.3
9691,-1.3
9692,3.7
9693,7.6
9694,-1.1
9695,1.8
9696,-2.4
9697,2.8
9698,-5.4
9699,-8.1
9700,2.7
9701,-0.8
9702,-1
9703,-6
9704,-4.4
9705,-1.2
9706,4.8
9707,5.9
9708,-5.6
9709,1.7
9710,16.9
9711,2.4
9712,3.9
9713,3.5
9714,2.9
9715,0.1
9716,-5.3
9717,-2
9718,2.8
9719,3.3
9720,-2.7
9721,-5.8
9722,3.8
9723,6
9724,-5.3
9725,2.2
9726,1.8
9727,-1.9
9728,-3.7
9729,2.4
9730,3.3
9731,3.7
9732,5.1
9733,7.4
9734,-2.9
9735,4.4
9736,2.7
9737,4.9
9738,-3.5
9739,3.8
9740,3.8
9741,1.8
9742,3
9743,-4
9744,1.4
9745,-0.8
9746,1.6
9747,1.2
9748,0.3
9749,0.6
9750,1.6
9751,-5.8
9752,5.4
9753,4.7
9754,3
9755,5.5
9756,29.7
9757,6
9758,0.5
9759,5.7
9760,-0.4
9761,4.4
9762,-1.1
9763,4
9764,1.7
9765,4.3
9766,-2.4
9767,-7.7
9768,-1.1
9769,6.8
9770,-12.3
9771,8.9
9772,3.7
9773,6.9
9774,-5.5
9775,2.5
9776,7.1
9777,5.8
9778,-2.1
9779,4.4
9780,0.8
9781,3.4
9782,0.3
9783,6
9784,-2.4
9785,2.1
9786,2.1
9787,6
9788,-0.3
9789,4.2
9790,0.4
9791,0.9
9792,2.1
9793,-0.9
9794,4
9795,-1.5
9796,8.7
9797,-0.2
9798,-4.7
9799,3.3
9800,15.7
9801,5.1
9802,4
9803,-1.3
9804,-1.4
9805,-1.3
9806,5.8
9807,-1.3
9808,-0.7
9809,7.6
9810,3.7
9811,3.6
9812,-9.3
9813,5
9814,7.3
9815,-3.5
9816,-2.3
9817,-6.8
9818,1.9
9819,1.5
9820,4.3
9821,2.4
9822,2.3
9823,-3.8
9824,0.7
9825,2.4
9826,-2.3
9827,3.1
9828,-2.6
9829,5.3
9830,-2.7
9831,1.3
9832,-1.3
9833,1.6
9834,-4
9835,2.5
9836,7
9837,4.6
9838,-1.3
9839,3.7
9840,2.8
9841,1.6
9842,2.2
9843,2.2
9844,0.8
9845,2.8
9846,-10.1
9847,4.9
9848,3.6
9849,2.3
9850,-6.1
9851,3.6
9852,7
9853,4.1
9854,1.7
9855,5.9
9856,2.5
9857,2
9858,3.4
9859,2.7
9860,1
9861,7.4
9862,1.9
9863,-3.3
9864,-1.5
9865,3.8
9866,-4.8
9867,-1.6
9868,-6
9869,0.2
9870,-3
9871,1.3
9872,-2.3
9873,3.5
9874,2.7
9875,5.1
9876,5
9877,1.1
9878,-4.2
9879,-2.1
9880,-0.3
9881,2.5
9882,3.4
9883,6.1
9884,-2.9
9885,8.8
9886,-1.1
9887,-1.2
9888,0.9
9889,8.8
9890,-5.4
9891,11
9892,44.4
9893,4.2
9894,4.7
9895,-1.6
9896,4.7
9897,1.5
9898,2.9
9899,4.2
9900,4.7
9901,6.6
9902,2.7
9903,5.4
9904,-12.5
9905,0
9906,0.5
9907,1.5
9908,5.8
9909,7.8
9910,-9.9
9911,2.4
9912,3.2
9913,2.4
9914,-6.2
9915,-1.1
9916,1.4
9917,4.5
9918,1
9919,4.3
9920,-4.1
9921,5.5
9922,0.8
9923,1.9
9924,6.1
9925,5.1
9926,0.8
9927,7.3
9928,-0.9
9929,5.2
9930,-5.7
9931,2.6
9932,2.7
9933,-2.7
9934,-3.9
9935,7.5
9936,5.7
9937,-1
9938,1.4
9939,7.1
9940,1.1
9941,5.3
9942,4.1
9943,5.2
9944,9.2
9945,0.8
9946,2.9
9947,5.5
9948,-3.6
9949,5
9950,-3.6
9951,-2.6
9952,0.5
9953,4.4
9954,-4.2
9955,-2
9956,-2.9
9957,1.6
9958,0.4
9959,-5.5
9960,5.8
9961,2.4
9962,5
9963,2.9
9964,3.8
9965,4.1
9966,5
9967,0.5
9968,-1.5
9969,-2.1
9970,7.2
9971,3.4
9972,3.6
9973,4.6
9974,-4.3
9975,3
9976,6.2
9977,4.7
9978,6.2
9979,4.8
9980,3.4
9981,-5.4
9982,4.7
9983,-2.7
9984,1.1
9985,2.3
9986,-2.7
9987,0.9
9988,2.1
9989,1.4
9990,-1.3
9991,-1.1
9992,-4.3
9993,6.1
9994,1.9
9995,1.9
9996,0.3
9997,0
9998,3.8
9999,1.1
0,32.6
1,128.6
2,57.8
3,27.2
4,85.1
5,18.2
6,36.8
7,19.6
8,155.7
9,61.4
10,113.5
11,37.3
12,66.5
13,18.5
14,21.2
15,31.2
16,21.7
17,22.9
18,24.3
19,28.2
20,54.5
21,19.6
22,21.2
23,44.5
24,24.2
25,73.7
26,61.2
27,38.6
28,50.4
29,34.3
30,18.3
31,72.4
32,40.3
33,42.1
34,71.5
35,84.9
36,22.5
37,75.5
38,33.4
39,28.2
40,40.5
41,27.8
42,23.2
43,29.2
44,24.1
45,29.8
46,103.9
47,19.3
48,37.4
49,43.9
50,30.1
51,25.4
52,93.2
53,23.9
54,96.4
55,34
56,22.5
57,61.9
58,23.3
59,26.2
60,25.5
61,39.5
62,37.8
63,45.1
64,20.9
65,42.4
66,18.3
67,43.9
68,18.8
69,18.4
70,81.9
71,22.7
72,21.3
73,25.3
74,60.8
75,83.5
76,42.2
77,19.3
78,31.9
79,22.3
80,169.1
81,42.4
82,35.3
83,25.4
84,20.5
85,58.4
86,43.3
87,67.3
88,37
89,18.6
90,21.6
91,42
92,18.5
93,24.1
94,28.4
95,23.1
96,18.4
97,23.8
98,103.9
99,62.6
100,28.9
101,45.4
102,18.4
103,35
104,35.1
105,76.9
106,27.2
107,59.8
108,24.5
109,57
110,37.2
111,75.8
112,57.5
113,25.4
114,22.5
115,33.9
116,23.3
117,36.9
118,73.9
119,19.7
120,50.6
121,20.8
122,79.3
123,19.5
124,26.5
125,23.3
126,32
127,58
128,86.7
129,29.5
130,38.9
131,66.4
132,24.2
133,27.8
134,37.8
135,88.5
136,39.1
137,32.4
138,18.8
139,21.6
140,35.3
141,109.1
142,54.9
143,20
144,19.5
145,18.6
146,18.9
147,23.6
148,45.8
149,22.6
150,24.6
151,23.3
152,18.8
153,23.1
154,19.1
155,75.3
156,19.1
157,31.7
